sincing_velocity in px/s;mean esd in px;max esd in px;mean width in px;mean height in px;roughness;sharpness;porosity in px;intensity;first x position;first y position;timestamp;last x position;last y position;filename;gof
2.8407788341597247;4.003751971123601;4.583497844237541;6.428571428571429;9.857142857142858;1.8453964387064161;135.54437441643321;0.15143286360082578;43.38235294117647;688;940;0.018158912658691406;689;932;Object17624;0.1868402949627732
23.777266782051758;5.210200951885238;6.530966601401967;7.34;9.22;1.4690466679948062;74.37662853589478;0.22054421584154466;48.43714938980055;209;419;0.4370706081390381;250;392;Object17625;0.9939782520242832
26.90314937324873;4.822306698896659;5.917270272703197;4.826666666666667;10.72;1.5722912197357162;67.97550181949387;0.2090622688345635;47.931701138822724;267;391;2.9041616916656494;341;393;Object17627;0.9981251262066112
71.08939185369199;27.11160514115375;45.4864184146723;20.993506493506494;47.74025974025974;1.3968682293650299;63.660134993684785;2.0595574555621257;65.95798281344524;21;111;2.570091962814331;412;132;Object17626;0.9991172014044793
76.06705832660136;13.992194746876137;15.67594437773643;13.88;24.04;1.377217519400655;39.897823607387615;0.49584459946662196;42.11230648123852;406;116;7.991830587387085;467;127;Object17630;0.9759543052897547
-239.22324165456396;3.7724402015714333;4.652426491681278;6.0;5.285714285714286;1.4967137157008754;44.32902251809815;0.12767978233745456;45.61904761904762;391;116;9.996347904205322;268;115;Object17632;0.9952127678603684
45.76015011672439;9.353290141038245;14.048207338801282;10.25;14.5;1.3089288236610568;30.880936870583593;1.1724266589828771;103.35714285714286;54;7;14.304973125457764;80;23;Object17637;0.7120946196862254
31.63855836930775;9.88189286826911;11.888212206450685;8.428571428571429;16.142857142857142;1.269239501168022;32.566131850409185;0.28037827142527094;46.67605633802817;120;11;15.209204196929932;129;12;Object17639;0.9726846270849319
18.979286682120392;18.357890492492828;24.384480051691096;30.157894736842106;16.17543859649123;1.3553908855081307;75.7245293000939;0.9938948687651011;55.881770555995494;17;320;10.034097671508789;125;335;Object17633;0.9931144124354565
45.67623185252305;11.568598434898592;13.061933202803933;14.0;15.333333333333334;1.2693870816521404;51.82252641311562;0.4885577126246997;46.23232323232323;43;326;16.40756583213806;62;300;Object17642;0.5854083231467992
-1.1473753097096686;3.269525693882397;3.656366395715726;6.076923076923077;8.307692307692308;1.9512532660962045;94.18593970132432;0.13629239052579745;42.44827586206897;691;933;24.07329297065735;689;935;Object17647;0.21632612289165754
22.064742010249752;15.199007260672692;20.279456919490165;26.350649350649352;13.042207792207792;1.4196907474355758;77.96133799883738;0.7699626156850906;53.11054378323704;139;338;16.345467567443848;364;373;Object17640;0.9991099579984903
21.69245171742506;4.664446729760695;5.641895835477563;5.157894736842105;8.263157894736842;1.3745731491256004;30.146933374184545;0.1811326276387742;44.410576923076924;60;77;27.315603971481323;73;79;Object17652;0.9914569885707499
23.099457936894964;4.775110838276449;5.232078956954491;5.8;9.266666666666667;1.5151826372665291;73.193698543745;0.1861696974232027;45.23076923076923;97;82;28.841023683547974;108;81;Object17653;0.9844357933487253
0.5306604448117987;4.813566387434545;5.4115163798060095;8.292307692307693;10.015384615384615;1.729293439102868;134.29042808099004;0.20576641600820492;45.305504565892555;690;940;27.21719527244568;692;945;Object17650;0.27999896965885673
23.116502768439876;11.808029047339815;14.560026929865362;18.425;10.8;1.345160320512673;52.58013520294762;0.5017525858801469;46.680224048487645;374;374;27.187146186828613;432;388;Object17649;0.9957415584383299
24.841703390415756;9.226879519288808;11.11324596323283;14.88;9.56;1.512448753616078;33.520320983495125;0.3645123312597557;40.501652682430716;444;390;30.376391887664795;471;397;Object17656;0.9904518087753843
23.62280883041168;5.667437521414236;7.091753098990329;7.12;11.64;1.603163898012705;103.7185463789606;0.21210342114288103;43.19442063175616;162;88;31.49810242652893;202;97;Object17658;0.9975754188367415
19.414793548621486;10.157483778615354;14.733884157863644;15.90625;10.25;1.3998881125246188;30.581368907912264;0.3942668790387182;42.33944931773879;493;403;32.50388550758362;521;408;Object17660;0.9761897156410748
61.06817614373589;14.937696907593208;19.46249635988947;18.64;17.72;1.2763230977890765;31.6205791399004;0.598518590947284;43.61194000441376;27;591;34.969053983688354;100;593;Object17664;0.9966050529715871
27.02904684485166;4.019551951306919;5.108953969950291;5.948717948717949;6.871794871794871;1.4060420883068177;47.28146772865731;0.15162963186180495;45.776325757575755;56;487;35.68738079071045;98;489;Object17665;0.9979843321645555
38.964897029198006;10.406391110147322;11.67204486311899;14.0;11.428571428571429;1.2325192867760872;29.393559475289837;0.4091335966424263;42.973262032085564;162;596;37.192100524902344;171;595;Object17666;0.9909626456464116
19.161244029019745;8.172525655894656;9.166995688475081;13.205882352941176;8.57843137254902;1.3839380036880944;76.38570688282336;0.2936624676626855;42.20997702064378;525;410;34.29972505569458;601;418;Object17663;0.9981882233087709
24.84892869585966;3.9543886721929797;4.918490759365935;5.933333333333334;7.6;1.4856182971501362;19.156804567919025;0.1573687092289501;44.9573754789272;106;491;37.59288787841797;132;493;Object17667;0.9930257105721552
20.723744143171174;3.3070959326357787;3.742410318509555;5.0;6.5;1.4925534342923235;72.45517676767676;0.12187079274835932;42.583333333333336;145;496;39.16129541397095;150;496;Object17670;0.9737923244498304
25.013976204346893;10.964461378383662;14.339741506551949;16.3121387283237;16.647398843930635;1.733924491086634;88.64041886232866;0.5100662163379589;49.581576069953115;6;480;33.929099321365356;151;478;Object17662;0.994728595000771
19.432150805921015;8.134771778828338;9.338999347593866;13.586206896551724;9.46551724137931;1.524915158266696;71.32027614696823;0.293369442867437;40.299115323500295;603;419;38.18913435935974;640;422;Object17668;0.994387850352872
48.479707659949874;20.282622775725777;23.028336248678393;36.733333333333334;40.333333333333336;1.8451489623645405;150.8562884218863;1.3784735902620102;63.31073706087933;23;286;38.70581340789795;109;279;Object17669;0.9928498611252179
0.5474242831280615;4.282568325366971;5.352372348458314;7.744262295081967;8.99672131147541;1.7427472359859748;119.19705861607704;0.19488195424767177;46.66801214893117;692;948;30.32932162284851;698;961;Object17655;0.8182187184205748
44.40806635916796;4.202704316500956;8.95623198216277;6.914285714285715;7.542857142857143;1.5364960903450395;95.55889336509637;0.1654091149711187;46.5056935401763;125;290;40.860854625701904;222;508;Object17673;0.6572398452350949
44.7071312814523;12.91883438275816;19.347672370394786;23.609375;27.625;1.9627454622946026;123.9813353748957;0.6625969828605598;49.11371167720686;89;304;40.34061360359192;232;510;Object17671;0.7468353035799159
23.0792892691967;3.4367344705370897;4.068428945128219;5.6;5.75;1.4231111415901354;89.10266206016205;0.14235457213585995;43.525793650793645;241;512;43.1100709438324;260;515;Object17676;0.9910552707955049
3.337591981620495;4.1968592036011625;5.108953969950291;8.36923076923077;8.976923076923077;1.8432888672379644;111.93447329201587;0.16212495927181086;43.50503934827438;698;961;41.016244649887085;714;957;Object17674;0.9653034122858279
45.92817146175211;6.380386921218293;10.124020118074668;10.689655172413794;11.775862068965518;1.643358145952221;59.08966173545208;0.23164515164037602;40.764706690494386;257;290;43.631494760513306;355;295;Object17677;0.9981856307644067
115.98478495373212;54.46882717536579;73.27517424167739;62.59789473684211;71.32;1.4027466590280244;74.88492255062015;6.030022384662916;80.72269433852557;42;175;30.23271155357361;1886;256;Object17654;0.9999103310671618
6.164890728503448;3.1891715164390986;3.385137501286538;7.333333333333333;7.666666666666667;1.9863571480815752;101.57516557516557;0.1254542433525759;43.95652173913044;714;957;45.84899282455444;717;957;Object17680;0.7445961986701757
90.02952165033477;4.062100567763571;5.4700209598571305;7.0;7.551724137931035;1.5521019894578332;66.77875771033017;0.16651588671194184;40.80946335617721;291;522;45.23669099807739;391;300;Object17679;0.95871688937595
43.57048869014903;9.768596482464273;17.31611713939158;15.951048951048952;21.867132867132867;1.7864443962435466;105.50275104886639;0.42155759031341367;46.21529108030053;188;284;42.11978316307068;411;301;Object17675;0.9949982879364372
70.42353618688392;3.498342722257255;3.9088200952233594;6.05;5.3;1.4238683367878475;95.88013403263402;0.14579011145499354;48.03463203463204;319;527;46.37646245956421;396;326;Object17681;0.46916499561412917
24.474406250680577;9.53871895310646;18.626802622574058;14.967359050445104;14.87833827893175;1.7374075167077767;101.89632633447131;0.4000552172590293;46.85547601371234;103;285;40.34061360359192;428;539;Object17672;0.9879942838593491
22.09277269018916;5.08192497685873;7.136496464611085;6.029411764705882;9.0;1.4041877963595164;41.60816161506779;0.18881565382878085;43.71284829721362;429;539;52.04151177406311;457;547;Object17688;0.995409385035342
13.988332222903884;9.322693954415806;12.890219570974683;14.078341013824884;18.27188940092166;1.8090558994622197;81.25735236849545;0.3791128261149538;44.03272114132071;185;13;46.7445433139801;282;49;Object17682;0.9968208278487377
68.54539043722922;16.403335241572762;24.527651434398777;17.56338028169014;24.309859154929576;1.3328919426070507;44.354847685835;0.707530889234864;47.66709574644202;12;553;49.26531386375427;363;582;Object17684;0.9996675040881579
12.997601171665586;3.2743247716117354;3.5682482323055424;6.5;5.0;1.514326418086056;79.39646464646464;0.12953905854598785;45.95;307;58;55.51090979576111;313;61;Object17691;0.9711486121374019
22.641988240242082;4.936821561368706;6.530966601401967;6.2631578947368425;8.105263157894736;1.4032510477769533;32.981074183212534;0.20390270342453337;43.16382575757576;540;569;56.71322536468506;562;571;Object17692;0.9838879983667823
14.0917772089322;7.984813968991135;11.198843474056307;11.575342465753424;12.76027397260274;1.673253276907437;65.29911634172865;0.3269300026896218;44.566610449400486;287;59;53.641186475753784;360;88;Object17689;0.9980609160856746
10.372727725672464;5.756095061019057;6.817128675830715;9.5;8.666666666666666;1.6340386837644056;28.097695380304074;0.21302598887389232;38.654761904761905;1026;517;65.20844841003418;1032;518;Object17693;0.9389141580750301
12.132993548197627;6.3466664550426115;7.817640190446719;10.875;8.05;1.4796943331223762;35.08115059371469;0.2385554596392407;41.17922842555995;1037;519;66.04070973396301;1055;521;Object17694;0.9810829547876981
23.725904174686107;5.546257509497417;6.4820448144285745;7.615384615384615;8.192307692307692;1.3365439324886803;56.99712417394396;0.1904313151948551;46.497821935791855;7;261;71.4437484741211;29;267;Object17695;0.9951269031483141
23.104947743886825;15.190775416276088;17.751810818109593;23.45945945945946;13.135135135135135;1.2610731530775083;40.22853358679984;0.5730570197307499;45.325409628476606;683;10;84.10947370529175;722;20;Object17696;0.9937634690912314
143.1775489038901;5.239401119552541;7.091753098990329;6.538461538461538;7.923076923076923;1.3657128436236605;41.832430275087816;0.13531493863752306;49.05555555555556;238;374;94.23254728317261;329;490;Object17700;0.9365788771733453
31.890783278450787;12.300453805077828;17.462556255144076;13.381443298969073;16.788659793814432;1.2221160940690925;59.147313723435346;0.5838352129363803;49.9794388204051;11;992;89.81178712844849;229;1030;Object17697;0.999613216315881
154.3138019027832;7.921319093592902;13.888692920047486;16.6;10.0;1.5591014491703792;48.951650061650064;0.3162255524510726;42.272;109;520;96.13579249382019;217;511;Object17706;0.9065859046393379
158.10558008799237;9.540502556733664;14.647213499088313;14.2;14.48;1.4407380827944345;53.417459472515;0.4399307645052455;45.811756251796496;59;539;96.50929498672485;211;543;Object17707;0.9946530785787996
130.8093354787787;5.9379511131575935;10.02925341359355;10.071428571428571;7.857142857142857;1.5255664536496254;40.620158235377964;0.22212956435788309;42.983870967741936;283;501;97.07422614097595;411;498;Object17709;0.632563660566401
135.32342012373792;44.11992840985594;68.71078686696859;39.83125;67.8375;1.4190395524292512;43.648897705697244;3.276251209389146;67.46971953404758;25;409;92.566477060318;770;443;Object17698;0.9997115683246246
151.5205257447614;6.775021760459713;8.77673016883152;10.428571428571429;10.0;1.401450723835176;52.307104962325575;0.29914299405835093;42.99047619047619;273;534;97.83673763275146;336;534;Object17710;0.9975973005699547
30.96629413404326;7.314195437040246;8.740387444736633;9.042553191489361;9.893617021276595;1.230012246191582;33.61052520634999;0.2546342435189129;44.02943613651617;236;1031;96.94429564476013;290;1032;Object17708;0.9960770749282946
144.93596870448823;12.018843108288413;13.374982468597496;12.666666666666666;18.666666666666668;1.3044764603581624;36.20770120663753;0.38794065771294295;43.275449101796404;866;441;98.80374026298523;933;446;Object17711;0.9870417946663478
154.88598334877454;33.419549301315115;46.00826820390231;78.26363636363637;35.627272727272725;1.8774924377572577;63.74710104941006;1.9402070925539627;55.33006634841647;54;537;96.07082772254944;682;497;Object17705;0.994521495672206
145.00634592346645;18.708007934804975;32.703535245865034;32.86363636363637;18.477272727272727;1.438347477778232;35.39870415097068;0.8592951082051993;43.2273361606876;500;508;98.9044177532196;753;493;Object17712;0.9193662897806988
161.18647704005576;11.727180529009095;12.309163489997376;16.11111111111111;13.666666666666666;1.2480864156122253;31.473406879337055;0.4356983311080225;43.320388349514566;697;508;100.37733626365662;746;502;Object17716;0.9888343173651397
157.14251406716562;18.82861514560633;21.850968611841584;18.066666666666666;29.866666666666667;1.3349695106663355;18.233328019108324;0.778563117117016;41.949928469241776;1268;452;101.51091647148132;1365;459;Object17717;0.9741327855001942
-387.8646256218454;13.217007531250285;14.317526556719258;13.285714285714286;20.285714285714285;1.3626364444172032;24.0200442024798;0.5422696783183788;44.568345323741006;1341;435;101.98022937774658;1067;466;Object17718;0.40387493280127407
26.69889628159736;11.942066161507178;14.516237276018515;19.77777777777778;12.333333333333334;1.3395610789031391;31.109053776894783;0.498132225254483;45.46903096903097;1011;472;102.15318441390991;1054;479;Object17719;0.12667145831326487
134.83320181672997;16.705562293267125;21.542883141677365;16.818181818181817;27.363636363636363;1.4708333835664058;22.82459677483601;0.6889701065371379;43.54320987654321;1431;456;102.61714339256287;1488;468;Object17720;0.9924376859470215
-12.482616188114376;7.716438086672224;11.941642642883693;13.226666666666667;8.524444444444445;1.406126495213939;33.11888738638636;0.2868474095572852;42.70357078352422;611;352;96.03549265861511;516;364;Object17704;0.9956127848301252
144.731895614701;17.10847932197253;20.65272978291924;17.5;24.375;1.2902182623632854;24.959385892228916;0.6980923519409212;46.78731060606061;1491;444;102.98513913154602;1596;458;Object17721;0.9947561315656887
-6.108539027427458;4.990472589989484;6.076507779746499;9.666666666666666;5.444444444444445;1.5392925786089924;28.08987360376249;0.16182126400411834;42.972972972972975;692;731;103.54513359069824;689;731;Object17722;0.9371995957533272
103.85224993752782;19.888767079837553;31.301083522359217;21.454545454545453;28.545454545454547;1.350052662825761;26.526364346994534;1.0241382872348517;47.59020072861557;1616;482;103.58374190330505;1731;452;Object17723;0.7863469122275413
-6.713724837019824;5.169028204551185;6.282549314314218;8.333333333333334;6.466666666666667;1.4099212830973995;30.65753872767804;0.11638179011652175;46.64705882352941;508;364;104.04119038581848;504;366;Object17726;0.8184702576051299
153.4486884220083;8.423073111538178;10.55502061411188;9.5;11.833333333333334;1.2104950859657893;31.103296551075886;0.39147254196197545;49.53921568627451;1719;444;104.58475255966187;1788;466;Object17730;0.8589771719420931
144.85853840872687;12.390888459092654;18.10688219350047;21.625;12.714285714285714;1.3925292083794427;33.17611493296928;0.42984929400557514;41.854556481589654;1260;449;103.8173394203186;1580;416;Object17724;0.9801741803007887
-17.877643818403474;3.7136955055665615;4.296739856991561;7.9;4.1;1.538877641164985;27.975689144423324;0.12450835279722232;43.041666666666664;463;68;105.35081243515015;456;71;Object17731;0.967139228811229
150.1893148492378;24.795329599978842;30.612159429303247;24.23076923076923;39.17307692307692;1.4186713825949713;31.465450365670577;1.0681385091111077;52.580545617047754;1642;456;104.00919651985168;1904;459;Object17725;0.9987866716688287
172.49842264876048;12.574189789261535;17.094106455639025;20.15;13.533333333333333;1.3768799291322105;38.706021526282626;0.46849623909507376;42.682824836105766;1516;426;105.54498076438904;1877;386;Object17732;0.9818060441337237
-6.98950168687093;9.63800655629051;12.539740179716349;17.16216216216216;10.0;1.5013087992413268;36.899259561924744;0.32861612973556653;41.574822717443205;486;371;106.68544411659241;473;374;Object17735;0.5524271130637441
151.73137591143677;11.511282387165348;15.553633450087505;15.08108108108108;13.324324324324325;1.252225658660287;44.93658785720427;0.431644079412361;44.449939726762736;1684;423;107.01721358299255;1890;403;Object17736;0.9989537254387376
25.644294251629198;6.455375725382039;7.312732791431452;8.571428571428571;7.785714285714286;1.186736967019865;29.83320942412053;0.23415089476671017;44.483333333333334;623;1019;108.16926670074463;634;1020;Object17738;0.965200229481445
25.295577529948524;4.533797425781324;5.863230142835039;6.785714285714286;6.142857142857143;1.2797625637508745;40.14249347757751;0.1787060180553971;46.09090909090909;1776;467;108.93708109855652;1786;464;Object17740;0.989809498485561
-5.480798577995636;9.552479528784799;12.231338704589191;20.2;9.847058823529412;1.761392051723693;52.94831442289915;0.35482280453575776;41.75199543969417;451;371;108.6870527267456;441;382;Object17739;0.8842288237843272
1.097405824566066;4.947452736401038;5.641895835477563;9.0;5.428571428571429;1.386477564912909;22.93162787572198;0.1797167503525664;42.62222222222222;303;105;114.74493527412415;304;107;Object17744;0.017021715165469686
26.206541463410623;8.423047198849792;9.062226582657155;18.0;6.666666666666667;1.5276523930149926;28.85489647862873;0.26859752062670034;45.68493150684932;1822;112;117.0238127708435;1833;113;Object17748;0.9773288901599293
-19.235690205338543;3.2386604665658894;3.385137501286538;8.333333333333334;4.333333333333333;1.9477233358629225;39.57728937728938;0.1293467160323527;42.51851851851852;1818;213;117.52443218231201;1813;213;Object17749;0.9758037282800405
-6.363497206010885;3.998891601688817;5.585191925620057;9.5;5.8;2.279959684445479;31.853517246161772;0.11574729941384798;44.35;1756;211;120.310861825943;1753;210;Object17750;0.4116354120573965
-5.402845087411244;8.68012654769629;10.734438914006276;14.01792828685259;8.848605577689243;1.3148348993198724;44.15735227300497;0.3091292082867429;42.938190377918055;686;730;104.2845070362091;604;725;Object17727;0.9756040760718652
-20.26585067013391;17.864684353003575;20.026743534373637;28.76255707762557;15.30593607305936;1.3553720668781142;59.56466265486607;0.7752599046168548;48.47001248303034;1896;232;114.18939924240112;1742;223;Object17743;0.9986612718852823
1.039386609996188;5.59229276214199;6.530966601401967;9.433333333333334;6.666666666666667;1.3634315763035472;33.31484974691631;0.19940642552644264;41.83694436455437;604;725;121.58551621437073;605;727;Object17751;0.4689978812891382
3.6740465978053596;6.127733771833326;6.90988298942671;9.458333333333334;6.791666666666667;1.2521207229872455;33.56189053045923;0.22534700920142345;43.0867309117865;606;727;123.11355900764465;610;728;Object17754;0.827505826845389
5.002724092343156;5.6823217560192125;6.282549314314218;9.0;5.9411764705882355;1.2401001506762592;28.78871790202149;0.1964009330819731;42.6234772978959;610;728;124.37059879302979;614;728;Object17757;0.8676396700736725
3.97508056690309;4.512404569153557;5.046265044040321;7.166666666666667;5.5;1.2769886282857474;28.665132783882783;0.15601104104305288;42.19444444444444;615;729;125.41616821289062;618;728;Object17760;0.8454412353664498
-0.5181707858955646;10.883643037851135;14.428259270064393;21.203791469194314;11.817535545023697;1.5393060938008352;87.30284326598023;0.4716177237029429;47.54303130626221;440;383;111.9771134853363;428;420;Object17742;0.052562999160990276
-26.224866350704165;5.913860953624;7.046725639945928;9.027027027027026;7.486486486486487;1.3684551141607515;31.226173630315508;0.2052110394988788;42.70501468015992;594;351;125.91629028320312;557;354;Object17761;0.994631858411802
-15.625520669884624;17.79126176434263;21.11004122822376;28.254054054054055;17.227027027027027;1.4269638931774602;56.12757052417895;0.8217798731329665;49.23019609889681;1731;209;121.76172375679016;1639;221;Object17752;0.9952663236784809
-6.779001193689719;7.9416936873316155;8.368283871884005;13.375;7.875;1.4196671571782007;25.55318110056013;0.30273215825474253;41.46031746031746;1592;220;131.51376509666443;1589;221;Object17763;0.8108863923943506
-1.440869074085389;7.00876947854831;7.48482063701911;10.894736842105264;7.947368421052632;1.281896443803051;27.67100904435001;0.24500548449382215;42.6090206185567;1540;219;138.7456088066101;1539;219;Object17771;0.7161618020642511
-0.5005427421114197;6.535624579226831;6.90988298942671;10.75;6.916666666666667;1.3080804040817393;26.772474824522885;0.22785533677286696;43.09230769230769;1539;220;139.82292008399963;1538;219;Object17772;0.2432465091608833
-1.0940517946905035;6.208767554180323;6.863662517577698;10.090909090909092;6.818181818181818;1.2993164335477834;27.56793141499024;0.22429008776998782;42.753846153846155;1539;219;140.68101811408997;1538;219;Object17773;0.1706471227808819
1.0287904489044923;5.408347640007805;6.023896332520351;9.285714285714286;6.142857142857143;1.3365013442315692;27.057467197405277;0.16158173772718287;44.8125;1539;219;141.54604053497314;1540;219;Object17774;0.1690011462139127
-10.635857926248566;8.987224876012247;12.640868754332628;15.371859296482413;11.64321608040201;1.5329228507725534;75.37030116911193;0.378717831102907;45.85370386794266;451;360;131.53806948661804;236;396;Object17764;0.9139362997687359
2.9073584885155435;3.832388797299501;4.652426491681278;4.928571428571429;6.428571428571429;1.3443065591527448;30.692644855144856;0.15553334157496945;40.45238095238095;236;396;152.0411615371704;239;397;Object17779;0.48574927705695126
34.223010711350724;7.9019787618991755;8.703892974511014;12.714285714285714;9.142857142857142;1.3552170022237455;27.170813860469032;0.26040436515622983;43.06024096385542;9;746;153.07875156402588;16;746;Object17780;0.9759527969853177
37.19894928871569;10.176955092707885;12.257335203001883;20.95;9.4;1.550248004441988;53.5727165280927;0.4392371702301039;47.621212121212125;64;756;153.91285872459412;88;755;Object17782;0.9835094666513781
18.619937011173178;8.070344647955222;10.940041919714261;12.115384615384615;9.76923076923077;1.3110677435494427;28.472474436037807;0.30208493524841246;43.08509738921798;1645;206;153.7370364665985;1679;202;Object17781;0.976896162837406
19.047307472972154;9.251346270309105;13.303394180365686;16.814814814814813;10.925925925925926;1.5093070811263933;46.34813687386242;0.3490107198671368;41.772043939133425;1681;201;156.00892424583435;1736;198;Object17785;0.9882662411021884
32.02253307676233;28.469539559736127;34.961549778946534;44.86184210526316;23.944736842105264;1.3898103691576404;96.23640033528619;2.093681454759788;65.66866248907067;32;754;133.41571283340454;874;773;Object17765;0.987967520306867
0.013177492845121033;7.688708509033068;9.706684619910241;11.4;10.2;1.485043449876709;59.42103806269982;0.3108573793856946;40.65217391304348;300;416;159.2411506175995;299;414;Object17791;2.5933796958810262e-06
46.70627598608806;9.89899236301516;11.726460285670077;17.275862068965516;8.344827586206897;1.343097054884349;nan;0.34338154477314503;44.42349719171384;876;774;159.21035146713257;934;773;Object17790;0.9966120884308562
-21.262408280067422;9.634817235778874;11.888212206450685;9.555555555555555;15.055555555555555;1.2988885369021674;101.95545320865088;0.35265216093751867;44.99535687149436;302;451;158.94016075134277;254;447;Object17789;0.9980095160739471
50.935239521404434;13.270239537322178;19.495178996445407;10.686868686868687;26.818181818181817;1.5063970070518689;46.60407985265414;0.5949528704054136;50.31211788477591;31;762;157.8811342716217;205;764;Object17787;0.9996399282796404
18.997069959502056;13.12254622004656;15.696236870863475;24.066666666666666;14.283333333333333;1.5679702035585001;70.54325918065891;0.4958094700712021;44.36445071692217;1763;199;159.6436324119568;1802;193;Object17792;0.9876073498195795
-19.300743645619487;11.27779661409939;13.422495877444907;10.590909090909092;17.454545454545453;1.2422239417948593;56.54008677454328;0.5165614234227814;48.802144970414204;222;448;162.52120304107666;203;445;Object17799;0.9914245727886053
20.02150873172958;9.655436372070875;14.27299292922217;14.0;13.0;1.4155586747686735;30.75548614824691;0.4245540457737211;43.148681055155876;1810;190;162.488356590271;1834;182;Object17798;0.9638796840917505
-15.821836278685698;7.598418411389132;8.33015937350939;8.272727272727273;14.0;1.575796036143595;30.144442550919738;0.2872004349284913;43.57142857142857;1646;1071;164.29379892349243;1638;1068;Object17804;0.9601564883590502
11.194745464589138;10.434505834745128;12.514330345744634;14.80952380952381;11.333333333333334;1.2861331416249704;35.8971161233775;0.3700896120688108;45.78426640926641;1856;192;163.98812246322632;1869;182;Object17803;0.9361046473848013
27.072258407800348;10.34853810294893;13.013103375051497;12.886363636363637;12.795454545454545;1.2708554561741148;35.69548689454934;0.3855136755486276;44.15984468980724;1872;181;165.12343049049377;1910;177;Object17806;0.9847266523942338
-14.887847868571084;10.140436826883292;12.565098628628435;12.292682926829269;18.26829268292683;1.7227704132465407;33.08123495909938;0.4080376115321453;41.85036875083689;1595;1064;167.04606294631958;1569;1060;Object17807;0.9873730166961183
-16.86458502290928;4.593824216551328;5.641895835477563;6.1;8.3;1.5491429154585523;28.44399122807018;0.14823918876454723;42.6764705882353;1557;1056;169.44113636016846;1548;1055;Object17810;0.9903500844073458
-20.978527769781184;13.963862364384068;17.35284277373209;12.407608695652174;22.391304347826086;1.2846263312356976;50.78594484156787;0.5720886639871454;48.008293664326374;191;448;163.98812246322632;60;453;Object17802;0.9989507370230531
33.689616072372445;16.45466689100856;24.849973424463737;17.126050420168067;22.58543417366947;1.2539837617447929;78.16943392308175;1.183622805631166;65.73795061553278;16;752;158.16908264160156;424;764;Object17788;0.9983120867790886
34.869355905130604;6.176241825394381;7.858251581595959;9.666666666666666;8.518518518518519;1.3715092957506312;45.73500259811249;0.2150105800475884;42.37698412698413;460;764;171.00101232528687;489;767;Object17813;0.9943439297526392
-12.983834435643253;7.700414628680624;10.186708148166206;12.890625;10.171875;1.9358990474900153;45.89654652593569;0.3036755268744744;41.18687721045;1535;1074;170.56905341148376;1504;1069;Object17811;0.9834028675872135
-12.068687857283095;4.038538740613363;4.583497844237541;9.142857142857142;7.0;2.1687106506715974;31.146993025885486;0.2026404698646965;39.59154929577465;1507;1037;172.53701972961426;1500;1066;Object17815;0.9147065949978044
-16.4280949038371;17.204178839660976;20.026743534373637;14.475409836065573;27.19672131147541;1.2604374378519896;42.29554839849793;0.8692975444405794;55.34411678121538;41;450;170.9049928188324;6;454;Object17812;0.9971440422199669
-15.872138544159172;8.508569262405178;12.126795430653198;11.5;18.6875;2.4389704461033532;37.2249135442505;0.29937013290738856;42.5997425997426;1510;1049;172.53701972961426;1495;1033;Object17814;0.9375997047270563
-32.921185702818256;3.8633464781510805;4.296739856991561;6.714285714285714;8.0;1.8531729681115183;31.146708683473385;0.14442891208909459;43.696969696969695;1500;1068;173.56123065948486;1487;1032;Object17817;0.6884313110844504
-11.457768249871725;14.948538761440718;20.37341629633241;16.58108108108108;32.486486486486484;2.860544975314131;54.66288879345652;0.6333029350379314;40.68737701103462;1507;1036;172.6313281059265;1474;1051;Object17816;0.9896485146173236
-8.988175134575311;3.9559811360381647;5.585191925620057;9.636363636363637;6.545454545454546;2.498981740273903;34.68281114142774;0.19701616468693733;40.58730158730159;1471;1051;175.56097626686096;1465;1048;Object17823;0.5862365387027477
44.262520951085676;11.840118915274973;13.013103375051497;19.571428571428573;11.928571428571429;1.3382676896570784;33.04656323172735;0.4685839958292192;42.26538461538462;1787;734;175.65699553489685;1810;730;Object17824;0.9937725757022835
-12.263929659044411;6.298767878339206;9.09728368293446;11.571428571428571;7.428571428571429;1.6444070413848912;46.1058655441015;0.2357154778490133;43.624689021330155;1486;1063;174.2722647190094;1452;1054;Object17818;0.9815506941880455
-10.915943066781354;7.835189493460805;9.574614729634384;11.875;14.484375;1.9895777536148112;40.776377019620995;0.3173655475029939;41.048113684254844;1481;1052;174.88885617256165;1451;1034;Object17820;0.9831062217292714
-5.713544223664597;4.8623709052920265;5.753627391751592;6.117647058823529;10.0;1.7277158994379556;29.87182415855185;0.1815976621868714;42.447552447552454;1435;1030;178.76108145713806;1432;1030;Object17827;0.887526457258291
-2.7911414460963053;4.233028584421507;5.641895835477563;6.428571428571429;6.714285714285714;1.628121926407014;28.228990057561482;0.15275861067268903;44.09375;611;612;181.53483033180237;611;611;Object17828;0.33314086859072645
-4.679882784091342;5.622233712289036;6.333012368467128;8.461538461538462;8.384615384615385;1.5452067978688255;29.099277694929867;0.23157658679919654;41.421052631578945;599;609;183.3850119113922;595;607;Object17829;0.8051666304408485
-3.115580045037519;3.822186601932409;5.292567428401227;6.666666666666667;7.0;1.8559950331472415;31.839241622574953;0.16742649641335605;42.51219512195122;1362;1022;187.84988713264465;1360;1021;Object17834;0.7194150300710087
-5.374872532506423;4.154241358184178;5.108953969950291;9.714285714285714;8.142857142857142;2.8847642276949905;31.380543168586644;0.1833331327858938;41.0;1359;1018;189.34934854507446;1358;1018;Object17836;0.5999184703712672
-4.222757872390563;3.2989959570807668;3.5682482323055424;8.714285714285714;3.4285714285714284;1.7498209671511193;33.357743097238895;0.1327281639760529;44.07692307692308;57;974;200.4412055015564;55;973;Object17839;0.8281767547267429
-4.273361804340684;3.4186510958604903;3.989422804014327;8.702702702702704;3.5405405405405403;1.7744179206100814;27.774279559960675;0.13788913417109178;43.53532967032967;53;973;201.3052282333374;46;973;Object17840;0.9456865234511158
-9.67531711503069;5.263108350910272;5.753627391751592;7.7;7.0;1.3705162928993704;28.122005494505494;0.13850318800144354;45.78260869565217;800;1062;202.5039131641388;794;1062;Object17842;0.8595265546043847
-3.4794075787373266;3.5363195132304823;4.442433223290478;8.0;3.9583333333333335;1.6149388968174077;29.778999926406254;0.12761172646727806;44.294117647058826;45;973;203.04943323135376;42;973;Object17843;0.7381235202070182
-9.228320040042451;10.032728755988854;10.764051215546116;14.486842105263158;10.118421052631579;1.2659167367525448;35.250337851823;0.3717049958648349;42.932434348995;787;1062;203.64095640182495;758;1060;Object17844;0.9961600471157286
-1.6828713517249883;4.000644292889346;4.720348719413148;9.741935483870968;3.956989247311828;1.8071455678021857;40.37604505517718;0.15800331077404448;42.97429162301744;34;973;206.2808554172516;29;973;Object17847;0.9087070586944285
-0.4077249523382062;4.174241640764428;5.108953969950291;9.916666666666666;4.25;1.8233844091898683;40.395850857621085;0.15781590884584062;42.95243142653783;29;973;209.85458827018738;28;974;Object17849;0.3409964502106897
1.3935724052735161;4.164410249576096;5.232078956954491;10.365714285714287;4.1257142857142854;1.8637274281841947;45.65346386091949;0.1619387607953722;43.521778288435634;29;974;213.1257243156433;38;976;Object17850;0.852743740716728
67.19483984937807;11.397280410446927;14.27299292922217;18.583333333333332;11.416666666666666;1.3608798542560898;24.18017429035628;0.49111517254220266;42.92164179104478;31;315;219.61932945251465;56;312;Object17853;0.9781923917247153
2.8598109329005625;3.627050769857142;4.370193722368317;10.076923076923077;3.3846153846153846;1.9044857485843372;44.4746224935526;0.14344101182764576;44.213674991675;39;977;219.64668464660645;45;978;Object17854;0.9276999600797068
19.307675517547068;6.7502276669649675;9.965574970333758;13.006711409395972;6.093959731543624;1.4252874523604433;40.657709718614434;0.25166122275119585;47.018843861781214;9;934;217.18124151229858;122;939;Object17851;0.8839539910785004
5.223686325478841;3.7353624590850814;4.51351666838205;10.0625;3.4375;1.8905775522556447;44.94328931420747;0.1539188352046584;45.52240987191645;48;978;222.70798683166504;64;980;Object17857;0.9867128877911573
6.704563464603953;3.770249331328162;4.583497844237541;10.153846153846153;3.1538461538461537;1.8574201543228361;32.65434140163242;0.14698269861398996;42.25714285714286;64;980;225.84291124343872;70;980;Object17858;0.7320124477635401
16.032215903654222;10.68437637867157;11.227230955528665;9.333333333333334;21.833333333333332;1.6548398416058159;26.031854480922803;0.31437765744446056;44.13513513513514;1654;904;228.87664914131165;1662;902;Object17861;0.9715271122661959
7.035528709007751;3.8155376022024043;4.442433223290478;10.166666666666666;3.2;1.806186513619141;39.692114415941816;0.14741651712167628;45.40117785193425;73;981;227.27689504623413;90;982;Object17859;0.9881565043624758
18.105335327501578;6.691874406570861;8.481629223064205;14.0;5.833333333333333;1.4991537878940964;39.293387259525964;0.15548814017155788;44.21875;11;210;235.4828004837036;14;210;Object17866;0.8454688080473716
16.500987480338306;9.080763160623771;12.179179240065665;9.26923076923077;19.423076923076923;1.7626583177859731;32.48461185090003;0.35993177952627875;42.894124601664615;1757;884;235.15196681022644;1793;877;Object17865;0.9881717879345053
-22.507851688110076;6.269987423941937;8.33015937350939;9.515151515151516;7.7272727272727275;1.602813935395431;35.634493981882606;0.23074806927663238;45.696686694531515;1841;111;242.15930032730103;1806;109;Object17872;0.993108336703973
70.2917763147644;33.40912687846354;45.83497844237541;46.844202898550726;29.365942028985508;1.232487176124142;49.38387372666762;2.671329388460608;72.62450834147701;51;215;235.4828004837036;703;237;Object17867;0.9997566301025013
-21.13173769711925;7.7616021186712105;9.541311620975605;10.71875;8.56875;1.3087592229450784;39.898061620797094;0.31415013985780293;46.858879075151016;1802;108;243.79349160194397;1681;98;Object17873;0.9996365731772242
66.77426684604991;16.58916428670731;18.333991376950163;23.428571428571427;15.023809523809524;1.1980806095740288;34.318191596437856;0.6513537196190325;50.15709045842503;952;239;248.18492579460144;1057;243;Object17875;0.997208713005362
71.65354397244309;18.32783726146875;22.792141940852034;28.833333333333332;15.547619047619047;1.277757291349113;36.29983266312867;0.7383133032736917;50.3987025997355;1324;244;253.2830047607422;1530;240;Object17878;0.9987765401625966
76.11187170974287;20.355524889991663;28.823407205597565;32.785714285714285;17.595238095238095;1.3249020756664143;43.75521801485959;0.9089165051221065;51.99139643632493;1560;243;256.5880844593048;1905;234;Object17879;0.9991659299525935
-11.16437599838024;4.837079993426829;5.698035485213008;8.172413793103448;6.724137931034483;1.5399621615899226;32.314817613121974;0.17386221894648976;43.90650662560657;1430;84;264.4443712234497;1419;83;Object17883;0.979252716180257
1.7870766752231053;14.954053369732708;18.246976213834582;20.49219170705439;14.820140010770059;1.2378342744630082;79.72348814666724;0.7552518405136976;53.486779097638646;758;1060;206.64896655082703;876;1019;Object17848;0.31245180156276864
25.34626661183432;18.41484530190266;24.57950699214357;30.889208633093524;19.063309352517987;1.4225012913534731;95.51336593166816;1.0941790882786826;56.6120213419504;24;597;247.0807249546051;619;577;Object17874;0.9977470604691584
12.157956354763664;10.530631540288;11.64474179680661;13.0875;11.0875;1.1508074160624469;33.30135201448512;0.3916022328976011;45.18133476245511;878;1019;269.9557409286499;914;1018;Object17885;0.9969449333153872
30.41946619211919;5.1674309107652325;6.128667601500942;9.92;7.88;1.5798354160227743;34.678985059789476;0.19238575252166815;39.92288049029622;755;569;274.98314595222473;780;566;Object17887;0.9896801065336878
13.689045057283293;8.577293916293812;9.83698151873187;10.8348623853211;9.880733944954128;1.1933749752599687;37.82289192981549;0.31551481554861915;46.0449624082467;918;1017;273.17120456695557;977;1015;Object17886;0.9963576321433298
14.4082671614229;7.722938882454947;9.869286963719311;9.75;9.375;1.1807621451306105;36.40373413081345;0.2792343437859556;44.09345919939999;979;1015;277.3956174850464;1022;1011;Object17888;0.9969897447200384
