ID,EXPERIMENT_NAME,SAMPLE_NAME,TIME,BIO_REP,TEC_REP,TSS_BIOMASS_G,TSS_g/L,VSS_BIOMASS_G,VSS_g/L,TSS_%,VSS_%
CH230710,AT,0.1,0,1,1,0.02579999999999999,1.2899999999999996,0.0012304347826086904,0.061521739130434516,95.23087293562523,4.7691270643747705
CH230802,AT,0.1,0,2,1,0.0165,1.1,0.0009304347826086957,0.06202898550724638,94.36100131752306,5.638998682476943
CH230907,AT,0.1,0,3,1,0.019299999999999998,1.2866666666666664,0.0009304347826086957,0.06202898550724638,95.17909439062852,4.820905609371481
CH230710,AT,1,0,1,1,0.02579999999999999,1.2899999999999996,0.0012304347826086904,0.061521739130434516,95.23087293562523,4.7691270643747705
CH230802,AT,1,0,2,1,0.0165,1.1,0.0009304347826086957,0.06202898550724638,94.36100131752306,5.638998682476943
CH230907,AT,1,0,3,1,0.019299999999999998,1.2866666666666664,0.0009304347826086957,0.06202898550724638,95.17909439062852,4.820905609371481
CH230710,AT,10,0,1,1,0.02579999999999999,1.2899999999999996,0.0012304347826086904,0.061521739130434516,95.23087293562523,4.7691270643747705
CH230802,AT,10,0,2,1,0.0165,1.1,0.0009304347826086957,0.06202898550724638,94.36100131752306,5.638998682476943
CH230907,AT,10,0,3,1,0.019299999999999998,1.2866666666666664,0.0009304347826086957,0.06202898550724638,95.17909439062852,4.820905609371481
CH230710,AT,100,0,1,1,0.02579999999999999,1.2899999999999996,0.0012304347826086904,0.061521739130434516,95.23087293562523,4.7691270643747705
CH230802,AT,100,0,2,1,0.0165,1.1,0.0009304347826086957,0.06202898550724638,94.36100131752306,5.638998682476943
CH230907,AT,100,0,3,1,0.019299999999999998,1.2866666666666664,0.0009304347826086957,0.06202898550724638,95.17909439062852,4.820905609371481
CH230710,AT,Control,0,1,1,0.02579999999999999,1.2899999999999996,0.0012304347826086904,0.061521739130434516,95.23087293562523,4.7691270643747705
CH230802,AT,Control,0,2,1,0.0165,1.1,0.0009304347826086957,0.06202898550724638,94.36100131752306,5.638998682476943
CH230907,AT,Control,0,3,1,0.019299999999999998,1.2866666666666664,0.0009304347826086957,0.06202898550724638,95.17909439062852,4.820905609371481
CH230710,AT,0.1,12,1,1,0.017299999999999996,1.153333333333333,0.0010304347826086985,0.06869565217391324,94.04372958029654,5.956270419703461
CH230802,AT,0.1,12,2,1,0.019600000000000006,1.306666666666667,0.0012304347826087043,0.08202898550724695,93.72227151730253,6.277728482697468
CH230907,AT,0.1,12,3,1,0.020500000000000004,1.366666666666667,0.0011304347826087014,0.07536231884058009,94.48568398727463,5.514316012725371
CH230710,AT,1,12,1,1,0.016299999999999995,1.0866666666666664,0.0012304347826087043,0.08202898550724695,92.45132035209383,7.548679647906163
CH230802,AT,1,12,2,1,0.018200000000000008,1.2133333333333338,0.0009304347826086957,0.06202898550724638,94.88772097467749,5.1122790253225014
CH230907,AT,1,12,3,1,0.0203,1.3533333333333333,0.0013304347826086933,0.08869565217391288,93.44613407581924,6.553865924180756
CH230710,AT,10,12,1,1,0.013700000000000004,0.9133333333333336,0.0005304347826086981,0.03536231884057987,96.12821326562994,3.8717867343700583
CH230802,AT,10,12,2,1,0.0175,1.1666666666666667,0.0,0.0,100.0,0.0
CH230907,AT,10,12,3,1,0.022400000000000003,1.4933333333333334,0.0011304347826087014,0.07536231884058009,94.9534161490683,5.046583850931703
CH230710,AT,100,12,1,1,0.015799999999999995,1.053333333333333,0.0011304347826086875,0.07536231884057917,92.8453494771602,7.154650522839797
CH230802,AT,100,12,2,1,0.019500000000000003,1.3000000000000003,0.0008304347826087067,0.055362318840580446,95.74136008918612,4.258639910813879
CH230907,AT,100,12,3,1,0.019699999999999995,1.313333333333333,0.0009304347826086957,0.06202898550724638,95.27698079894063,4.723019201059371
CH230710,AT,Control,12,1,1,0.0169,1.1266666666666667,0.00043043478260869523,0.028695652173913018,97.45304862361719,2.546951376382812
CH230802,AT,Control,12,2,1,0.018000000000000002,1.2000000000000002,0.0009304347826086957,0.06202898550724638,94.83091787439614,5.169082125603864
CH230907,AT,Control,12,3,1,0.019500000000000003,1.3000000000000003,0.0008304347826087067,0.055362318840580446,95.74136008918612,4.258639910813879
CH230710,AT,0.1,24,1,1,0.019599999999999992,1.3066666666666662,0.0013304347826086933,0.08869565217391288,93.21206743566994,6.787932564330069
CH230802,AT,0.1,24,2,1,0.018699999999999994,1.2466666666666664,0.0009304347826086957,0.06202898550724638,95.02441292722622,4.9755870727737745
CH230907,AT,0.1,24,3,1,0.0194,1.2933333333333334,0.0010304347826086985,0.06869565217391324,94.68848050201701,5.311519497982982
CH230710,AT,1,24,1,1,0.018500000000000003,1.2333333333333334,0.0011304347826087014,0.07536231884058009,93.88954171562864,6.110458284371358
CH230802,AT,1,24,2,1,0.01809999999999999,1.206666666666666,0.00043043478260869523,0.028695652173913018,97.621907278405,2.3780927215950025
CH230907,AT,1,24,3,1,0.021000000000000005,1.4000000000000004,0.0010304347826086985,0.06869565217391324,95.09316770186334,4.906832298136659
CH230710,AT,10,24,1,1,0.015899999999999997,1.0599999999999998,0.0009304347826086957,0.06202898550724638,94.14820891441072,5.851791085589282
CH230802,AT,10,24,2,1,0.019299999999999998,1.2866666666666664,0.0005304347826086981,0.03536231884057987,97.25163325073214,2.7483667492678663
CH230907,AT,10,24,3,1,0.0213,1.42,0.0012304347826086904,0.08202898550724602,94.2233108797714,5.7766891202285935
CH230710,AT,100,24,1,1,0.01609999999999999,1.0733333333333326,0.0011304347826086875,0.07536231884057917,92.97866594652989,7.021334053470114
CH230802,AT,100,24,2,1,0.020100000000000007,1.3400000000000005,0.0004304347826087091,0.02869565217391394,97.85853341985717,2.1414665801428305
CH230907,AT,100,24,3,1,0.0199,1.3266666666666667,0.0010304347826086985,0.06869565217391324,94.82193576578544,5.178064234214566
CH230710,AT,Control,24,1,1,0.017799999999999996,1.1866666666666663,0.0012304347826087043,0.08202898550724695,93.08744504152413,6.912554958475869
CH230802,AT,Control,24,2,1,0.020100000000000007,1.3400000000000005,0.000630434782608701,0.04202898550724673,96.86350854423532,3.1364914557646797
CH230907,AT,Control,24,3,1,0.02260000000000001,1.5066666666666673,0.0009304347826087096,0.062028985507247295,95.8830319353597,4.1169680646403055
CH230710,AT,0.1,48,1,1,0.021600000000000008,1.4400000000000006,0.001530434782608699,0.10202898550724661,92.91465378421898,7.085346215781012
CH230802,AT,0.1,48,2,1,0.0184,1.2266666666666668,0.0005304347826086981,0.03536231884057987,97.11720226843099,2.882797731569011
CH230907,AT,0.1,48,3,1,0.021199999999999997,1.413333333333333,0.0026304347826087027,0.17536231884058018,87.5922887612797,12.407711238720298
CH230710,AT,1,48,1,1,0.020500000000000004,1.366666666666667,0.0012304347826087043,0.08202898550724695,93.99787910922583,6.002120890774166
CH230802,AT,1,48,2,1,0.016699999999999993,1.1133333333333328,0.00023043478260870338,0.015362318840580227,98.62015100234309,1.3798489976569073
CH230907,AT,1,48,3,1,0.022699999999999998,1.5133333333333332,0.0016304347826087019,0.10869565217391346,92.81746791802334,7.182532081976661
CH230710,AT,10,48,1,1,0.01659999999999999,1.106666666666666,0.0011304347826086875,0.07536231884057917,93.19015191199586,6.809848088004146
CH230802,AT,10,48,2,1,0.019599999999999992,1.3066666666666662,0.0006304347826086871,0.042028985507245806,96.78349600709853,3.216503992901466
CH230907,AT,10,48,3,1,0.0155,1.0333333333333334,0.0,0.0,100.0,0.0
CH230710,AT,100,48,1,1,0.0175,1.1666666666666667,0.0018304347826087076,0.12202898550724717,89.54037267080739,10.459627329192614
CH230802,AT,100,48,2,1,0.022699999999999998,1.5133333333333332,0.0012304347826086904,0.08202898550724602,94.57958245546833,5.420417544531675
CH230907,AT,100,48,3,1,0.0174,1.16,0.0,0.0,100.0,0.0
CH230710,AT,Control,48,1,1,0.01590000000000001,1.0600000000000007,0.0009304347826087096,0.062028985507247295,94.14820891441063,5.851791085589364
CH230802,AT,Control,48,2,1,0.020199999999999996,1.3466666666666665,0.0005304347826086981,0.03536231884057987,97.3740852346104,2.625914765389595
CH230907,AT,Control,48,3,1,0.020199999999999996,1.3466666666666665,0.0,0.0,100.0,0.0
CH240116,BM,AMC,0,1,1,0.014400000000000024,0.9600000000000015,0.0012304347826087043,0.08202898550724695,91.45531400966179,8.54468599033821
CH240115,BM,AMC,0,2,1,0.014300000000000007,0.9533333333333338,0.0010304347826086985,0.06869565217391324,92.79416235937974,7.205837640620266
CH240114,BM,AMC,0,3,1,0.014800000000000021,0.986666666666668,0.0012304347826087043,0.08202898550724695,91.68625146886012,8.313748531139883
CH240116,BM,CoA,0,1,1,0.011900000000000008,0.7933333333333338,0.0012304347826087043,0.08202898550724695,89.66021191085123,10.33978808914877
CH240115,BM,CoA,0,2,1,0.011900000000000008,0.7933333333333338,0.0010304347826086985,0.06869565217391324,91.34088417975885,8.65911582024116
CH240114,BM,CoA,0,3,1,0.012500000000000011,0.833333333333334,0.0012304347826087043,0.08202898550724695,90.15652173913037,9.843478260869626
CH240116,BM,CoC,0,1,1,0.0023000000000000104,0.15333333333333402,0.0009304347826086957,0.06202898550724638,59.546313799622105,40.453686200377895
CH240115,BM,CoC,0,2,1,0.0023999999999999994,0.15999999999999995,0.0010304347826086985,0.06869565217391324,57.065217391304216,42.934782608695784
CH240114,BM,CoC,0,3,1,0.002500000000000016,0.16666666666666774,0.0010304347826086985,0.06869565217391324,58.78260869565232,41.21739130434768
CH240116,BM,EPS,0,1,1,0.0023000000000000104,0.15333333333333402,0.0009304347826086957,0.06202898550724638,59.546313799622105,40.453686200377895
CH240115,BM,EPS,0,2,1,0.0023999999999999994,0.15999999999999995,0.0010304347826086985,0.06869565217391324,57.065217391304216,42.934782608695784
CH240114,BM,EPS,0,3,1,0.002500000000000016,0.16666666666666774,0.0010304347826086985,0.06869565217391324,58.78260869565232,41.21739130434768
CH240116,BM,AMC,12,1,1,0.015899999999999997,1.0599999999999998,0.0022304347826086913,0.14869565217391276,85.97210828547992,14.027891714520074
CH240115,BM,AMC,12,2,1,0.016500000000000015,1.100000000000001,0.001530434782608699,0.10202898550724661,90.72463768115941,9.275362318840592
CH240114,BM,AMC,12,3,1,0.017100000000000004,1.1400000000000001,0.001630434782608688,0.10869565217391253,90.46529366895504,9.534706331044958
CH240116,BM,CoA,12,1,1,0.015200000000000005,1.0133333333333336,0.0013304347826086933,0.08869565217391288,91.24713958810071,8.752860411899295
CH240115,BM,CoA,12,2,1,0.0175,1.1666666666666667,0.0014304347826086961,0.09536231884057973,91.82608695652173,8.173913043478262
CH240114,BM,CoA,12,3,1,0.01780000000000001,1.1866666666666672,0.0018304347826087076,0.12202898550724717,89.71665852467018,10.283341475329813
CH240116,BM,AMC,24,1,1,0.017600000000000005,1.1733333333333338,0.0019304347826086966,0.1286956521739131,89.03162055335969,10.968379446640316
CH240115,BM,AMC,24,2,1,0.016399999999999998,1.093333333333333,0.001630434782608688,0.10869565217391253,90.05832449628849,9.941675503711513
CH240114,BM,AMC,24,3,1,0.015899999999999997,1.0599999999999998,0.001530434782608699,0.10202898550724661,90.37462400875032,9.625375991249681
CH240116,BM,CoA,24,1,1,0.018400000000000014,1.2266666666666675,0.002330434782608708,0.15536231884058055,87.33459357277877,12.665406427221232
CH240115,BM,CoA,24,2,1,0.016900000000000012,1.1266666666666676,0.0020304347826086994,0.13536231884057995,87.9855930023154,12.0144069976846
CH240114,BM,CoA,24,3,1,0.017700000000000007,1.1800000000000006,0.0021304347826087023,0.14202898550724682,87.96364529599603,12.036354704003962
CH240116,BM,CoC,24,1,1,0.002799999999999997,0.18666666666666648,0.0012304347826086904,0.08202898550724602,56.05590062111816,43.94409937888184
CH240115,BM,CoC,24,2,1,0.002700000000000008,0.18000000000000052,0.0013304347826086933,0.08869565217391288,50.72463768115965,49.27536231884035
CH240114,BM,CoC,24,3,1,0.0016999999999999932,0.11333333333333288,0.0006304347826086871,0.042028985507245806,62.91560102301826,37.08439897698174
CH240116,BM,EPS,24,1,1,0.0031999999999999945,0.213333333333333,0.00073043478260869,0.04869565217391267,77.1739130434784,22.8260869565216
CH240115,BM,EPS,24,2,1,0.0030000000000000027,0.20000000000000018,0.0010304347826086985,0.06869565217391324,65.65217391304341,34.34782608695659
CH240114,BM,EPS,24,3,1,0.003699999999999995,0.24666666666666637,0.0011304347826086875,0.07536231884057917,69.44770857814353,30.55229142185646
CH240116,BM,AMC,48,1,1,0.0175,1.1666666666666667,0.0018304347826086937,0.12202898550724625,89.54037267080747,10.459627329192536
CH240115,BM,AMC,48,2,1,0.017,1.1333333333333333,0.001530434782608699,0.10202898550724661,90.99744245524295,9.002557544757053
CH240114,BM,AMC,48,3,1,0.018000000000000002,1.2000000000000002,0.0022304347826086913,0.14869565217391276,87.60869565217394,12.391304347826061
CH240116,BM,CoA,48,1,1,0.01830000000000001,1.2200000000000009,0.0018304347826086937,0.12202898550724625,89.99762413875031,10.002375861249686
CH240115,BM,CoA,48,2,1,0.018199999999999994,1.213333333333333,0.0022304347826086913,0.14869565217391276,87.74486383182037,12.255136168179627
CH240114,BM,CoA,48,3,1,0.018400000000000014,1.2266666666666675,0.0016304347826087019,0.10869565217391346,91.13894139886575,8.861058601134243
CH240116,BM,CoC,48,1,1,0.0031000000000000055,0.20666666666666703,0.0007304347826087038,0.04869565217391359,76.43758765778378,23.562412342216213
CH240115,BM,CoC,48,2,1,0.002799999999999997,0.18666666666666648,0.000630434782608701,0.04202898550724673,77.48447204968923,22.51552795031077
CH240114,BM,CoC,48,3,1,0.0040000000000000036,0.2666666666666669,0.0005304347826086981,0.03536231884057987,86.73913043478255,13.260869565217442
CH240116,BM,EPS,48,1,1,0.004100000000000006,0.27333333333333376,0.0010304347826086985,0.06869565217391324,74.86744432661715,25.132555673382857
CH240115,BM,EPS,48,2,1,0.0032000000000000084,0.2133333333333339,0.0007304347826087038,0.04869565217391359,77.17391304347807,22.826086956521934
CH240114,BM,EPS,48,3,1,0.003600000000000006,0.24000000000000038,0.0007304347826087038,0.04869565217391359,79.71014492753604,20.289855072463965
CH230921,CC,FEMAK,0,1,1,0.024400000000000005,1.6266666666666671,0.016230434782608702,1.082028985507247,33.48182466143976,66.51817533856024
CH230921,CC,FEMAK,0,2,1,0.024300000000000002,1.62,0.016430434782608694,1.0953623188405794,32.38504204687783,67.61495795312217
CH230921,CC,FEMAK,0,3,1,0.02389999999999999,1.5933333333333326,0.01633043478260869,1.0886956521739126,31.67182099326905,68.32817900673095
CH230921,CC,FEMAK,0,4,1,0.0242,1.6133333333333333,0.01583043478260869,1.0553623188405794,34.58498023715417,65.41501976284583
CH230921,CC,FEMAK,0,5,1,0.024300000000000002,1.62,0.016230434782608702,1.082028985507247,33.208087314367475,66.79191268563252
CH230921,CC,OECD,0,1,1,0.0218,1.4533333333333334,0.0016304347826087019,0.10869565217391346,92.52094136418027,7.479058635819732
CH230921,CC,OECD,0,2,1,0.0218,1.4533333333333334,0.0011304347826087014,0.07536231884058009,94.81451934583164,5.185480654168355
CH230921,CC,OECD,0,3,1,0.0203,1.3533333333333333,0.0014304347826086961,0.09536231884057973,92.95352323838081,7.046476761619193
CH230921,CC,OECD,0,4,1,0.022400000000000003,1.4933333333333334,0.0014304347826086961,0.09536231884057973,93.61413043478261,6.385869565217392
CH230921,CC,OECD,0,5,1,0.019000000000000003,1.2666666666666668,0.0014304347826086961,0.09536231884057973,92.47139588100687,7.528604118993136
CH230921,CC,RueBio,0,1,1,0.02869999999999999,1.9133333333333327,0.013530434782608696,0.9020289855072464,52.85562793516132,47.14437206483868
CH230921,CC,RueBio,0,2,1,0.021099999999999994,1.4066666666666663,0.009230434782608697,0.6153623188405799,56.25386358953222,43.74613641046778
CH230921,CC,RueBio,0,3,1,0.025999999999999995,1.733333333333333,0.012130434782608697,0.8086956521739131,53.34448160535115,46.65551839464885
CH230921,CC,RueBio,0,4,1,0.024500000000000008,1.6333333333333337,0.011530434782608708,0.7686956521739139,52.937000887311406,47.062999112688594
CH230921,CC,RueBio,0,5,1,0.0257,1.7133333333333334,0.011930434782608705,0.7953623188405803,53.578074775841614,46.421925224158386
CH230724,LT,100,0,1,1,0.021000000000000005,1.4000000000000004,0.0011304347826087014,0.07536231884058009,94.61697722567285,5.383022774327148
CH230807,LT,100,0,2,1,0.0189,1.26,0.000630434782608701,0.04202898550724673,96.66436622958359,3.3356337704164067
CH230914,LT,100,0,3,1,0.032,2.1333333333333333,0.005230434782608708,0.3486956521739139,83.65489130434779,16.345108695652215
CH230724,LT,25,0,1,1,0.021000000000000005,1.4000000000000004,0.0011304347826087014,0.07536231884058009,94.61697722567285,5.383022774327148
CH230807,LT,25,0,2,1,0.0189,1.26,0.000630434782608701,0.04202898550724673,96.66436622958359,3.3356337704164067
CH230914,LT,25,0,3,1,0.032,2.1333333333333333,0.005230434782608708,0.3486956521739139,83.65489130434779,16.345108695652215
CH230724,LT,50,0,1,1,0.021000000000000005,1.4000000000000004,0.0011304347826087014,0.07536231884058009,94.61697722567285,5.383022774327148
CH230807,LT,50,0,2,1,0.0189,1.26,0.000630434782608701,0.04202898550724673,96.66436622958359,3.3356337704164067
CH230914,LT,50,0,3,1,0.032,2.1333333333333333,0.005230434782608708,0.3486956521739139,83.65489130434779,16.345108695652215
CH230724,LT,70,0,1,1,0.021000000000000005,1.4000000000000004,0.0011304347826087014,0.07536231884058009,94.61697722567285,5.383022774327148
CH230807,LT,70,0,2,1,0.0189,1.26,0.000630434782608701,0.04202898550724673,96.66436622958359,3.3356337704164067
CH230914,LT,70,0,3,1,0.032,2.1333333333333333,0.005230434782608708,0.3486956521739139,83.65489130434779,16.345108695652215
CH230724,LT,Control,0,1,1,0.021000000000000005,1.4000000000000004,0.0011304347826087014,0.07536231884058009,94.61697722567285,5.383022774327148
CH230807,LT,Control,0,2,1,0.0189,1.26,0.000630434782608701,0.04202898550724673,96.66436622958359,3.3356337704164067
CH230914,LT,Control,0,3,1,0.032,2.1333333333333333,0.005230434782608708,0.3486956521739139,83.65489130434779,16.345108695652215
CH230724,LT,100,12,1,1,0.022400000000000003,1.4933333333333334,0.0009304347826086957,0.06202898550724638,95.84627329192547,4.153726708074535
CH230807,LT,100,12,2,1,0.022199999999999998,1.4799999999999998,0.0010304347826086985,0.06869565217391324,95.358401880141,4.641598119859004
CH230914,LT,100,12,3,1,0.0291,1.9400000000000002,0.0014304347826086961,0.09536231884057973,95.08441655460929,4.915583445390707
CH230724,LT,25,12,1,1,0.022400000000000003,1.4933333333333334,0.0011304347826087014,0.07536231884058009,94.9534161490683,5.046583850931703
CH230807,LT,25,12,2,1,0.0199,1.3266666666666667,0.000630434782608701,0.04202898550724673,96.8319860170417,3.1680139829582963
CH230914,LT,25,12,3,1,0.027900000000000008,1.8600000000000005,0.00143043478260871,0.09536231884058068,94.87299361072147,5.127006389278529
CH230724,LT,50,12,1,1,0.023599999999999996,1.573333333333333,0.0011304347826087014,0.07536231884058009,95.21002210759025,4.789977892409753
CH230807,LT,50,12,2,1,0.01999999999999999,1.3333333333333326,0.0005304347826086981,0.03536231884057987,97.3478260869565,2.652173913043492
CH230914,LT,50,12,3,1,0.025999999999999995,1.733333333333333,0.0013304347826086933,0.08869565217391288,94.88294314381272,5.117056856187283
CH230724,LT,70,12,1,1,0.021500000000000005,1.4333333333333338,0.0011304347826087014,0.07536231884058009,94.74216380182,5.257836198180005
CH230807,LT,70,12,2,1,0.023500000000000007,1.566666666666667,0.0011304347826087014,0.07536231884058009,95.1896392229417,4.810360777058302
CH230914,LT,70,12,3,1,0.028300000000000006,1.8866666666666672,0.0014304347826086961,0.09536231884057973,94.94546013212475,5.05453986787525
CH230724,LT,Control,12,1,1,0.021099999999999994,1.4066666666666663,0.0011304347826087014,0.07536231884058009,94.64248918194929,5.357510818050719
CH230807,LT,Control,12,2,1,0.020900000000000002,1.3933333333333335,0.0011304347826087014,0.07536231884058009,94.59122113584354,5.4087788641564645
CH230914,LT,Control,12,3,1,0.026399999999999993,1.7599999999999996,0.0012304347826086904,0.08202898550724602,95.3392621870883,4.660737812911707
CH230724,LT,100,24,1,1,0.023499999999999993,1.5666666666666662,0.0010304347826086985,0.06869565217391324,95.61517113783532,4.384828862164676
CH230807,LT,100,24,2,1,0.020900000000000002,1.3933333333333335,0.0009304347826086957,0.06202898550724638,95.54815893488663,4.451841065113376
CH230914,LT,100,24,3,1,0.028999999999999998,1.9333333333333331,0.002330434782608708,0.15536231884058055,91.96401799100445,8.035982008995546
CH230724,LT,25,24,1,1,0.022900000000000004,1.5266666666666668,0.0007304347826087038,0.04869565217391359,96.810328460224,3.189671539775999
CH230807,LT,25,24,2,1,0.021600000000000008,1.4400000000000006,0.00033043478260870625,0.022028985507247086,98.47020933977451,1.5297906602254914
CH230914,LT,25,24,3,1,0.027900000000000008,1.8600000000000005,0.0019304347826086966,0.1286956521739131,93.08087891538102,6.919121084618982
CH230724,LT,50,24,1,1,0.0242,1.6133333333333333,0.0011304347826087014,0.07536231884058009,95.32878189004668,4.671218109953312
CH230807,LT,50,24,2,1,0.020099999999999993,1.3399999999999996,0.00033043478260869237,0.02202898550724616,98.35604585766819,1.6439541423318036
CH230914,LT,50,24,3,1,0.028700000000000003,1.9133333333333336,0.0025304347826087,0.16869565217391333,91.18315406756551,8.816845932434493
CH230724,LT,70,24,1,1,0.022000000000000006,1.466666666666667,0.0008304347826086928,0.055362318840579516,96.22529644268776,3.7747035573122387
CH230807,LT,70,24,2,1,0.02260000000000001,1.5066666666666673,0.0009304347826086957,0.06202898550724638,95.88303193535975,4.116968064640244
CH230914,LT,70,24,3,1,0.029200000000000004,1.9466666666666668,0.0022304347826086913,0.14869565217391276,92.36152471709352,7.638475282906477
CH230724,LT,Control,24,1,1,0.0208,1.3866666666666667,0.0013304347826086933,0.08869565217391288,93.60367892976589,6.3963210702341025
CH230807,LT,Control,24,2,1,0.021999999999999992,1.4666666666666661,0.00073043478260869,0.04869565217391267,96.67984189723323,3.3201581027667744
CH230914,LT,Control,24,3,1,0.02560000000000001,1.7066666666666674,0.00143043478260871,0.09536231884058068,94.41236413043472,5.587635869565272
CH230724,LT,100,48,1,1,0.019799999999999998,1.3199999999999998,0.0010304347826086985,0.06869565217391324,94.79578392621869,5.204216073781306
CH230807,LT,100,48,2,1,0.021199999999999997,1.413333333333333,0.0005304347826086981,0.03536231884057987,97.49794913863822,2.502050861361784
CH230914,LT,100,48,3,1,0.027700000000000002,1.846666666666667,0.002430434782608697,0.16202898550724645,91.22586721079892,8.77413278920107
CH230724,LT,25,48,1,1,0.020699999999999996,1.3799999999999997,0.000630434782608701,0.04202898550724673,96.95442134005458,3.045578659945416
CH230807,LT,25,48,2,1,0.022699999999999998,1.5133333333333332,0.0010304347826086985,0.06869565217391324,95.46063972419076,4.539360275809246
CH230914,LT,25,48,3,1,0.027900000000000008,1.8600000000000005,0.002230434782608705,0.14869565217391367,92.00561009817669,7.994389901823314
CH230724,LT,50,48,1,1,0.0213,1.42,0.0009304347826086957,0.06202898550724638,95.63176158399673,4.368238416003266
CH230807,LT,50,48,2,1,0.021500000000000005,1.4333333333333338,0.0,0.0,100.0,0.0
CH230914,LT,50,48,3,1,0.029899999999999996,1.9933333333333332,0.0029304347826086975,0.19536231884057983,90.19921477388395,9.800785226116046
CH230724,LT,70,48,1,1,0.020000000000000004,1.3333333333333335,0.0008304347826086928,0.055362318840579516,95.84782608695653,4.152173913043463
CH230807,LT,70,48,2,1,0.020900000000000002,1.3933333333333335,0.00073043478260869,0.04869565217391267,96.50509673392972,3.4949032660702866
CH230914,LT,70,48,3,1,0.0291,1.9400000000000002,0.0027304347826087056,0.18202898550724703,90.61706260271923,9.382937397280774
CH230724,LT,Control,48,1,1,0.0199,1.3266666666666667,0.000630434782608701,0.04202898550724673,96.8319860170417,3.1680139829582963
CH230807,LT,Control,48,2,1,0.022699999999999998,1.5133333333333332,0.0007304347826087038,0.04869565217391359,96.78222562727443,3.217774372725568
CH230914,LT,Control,48,3,1,0.027499999999999997,1.833333333333333,0.0022304347826086913,0.14869565217391276,91.88932806324112,8.110671936758878
CH230709,PT,12,0,1,1,0.02579999999999999,1.2899999999999996,0.0012304347826086904,0.061521739130434516,95.23087293562523,4.7691270643747705
CH230801,PT,12,0,2,1,0.0165,1.1,0.0009304347826086957,0.06202898550724638,94.36100131752306,5.638998682476943
CH230906,PT,12,0,3,1,0.019299999999999998,1.2866666666666664,0.0009304347826086957,0.06202898550724638,95.17909439062852,4.820905609371481
CH230709,PT,3,0,1,1,0.02579999999999999,1.2899999999999996,0.0012304347826086904,0.061521739130434516,95.23087293562523,4.7691270643747705
CH230801,PT,3,0,2,1,0.0165,1.1,0.0009304347826086957,0.06202898550724638,94.36100131752306,5.638998682476943
CH230906,PT,3,0,3,1,0.019299999999999998,1.2866666666666664,0.0009304347826086957,0.06202898550724638,95.17909439062852,4.820905609371481
CH230709,PT,6,0,1,1,0.02579999999999999,1.2899999999999996,0.0012304347826086904,0.061521739130434516,95.23087293562523,4.7691270643747705
CH230801,PT,6,0,2,1,0.0165,1.1,0.0009304347826086957,0.06202898550724638,94.36100131752306,5.638998682476943
CH230906,PT,6,0,3,1,0.019299999999999998,1.2866666666666664,0.0009304347826086957,0.06202898550724638,95.17909439062852,4.820905609371481
CH230709,PT,9,0,1,1,0.02579999999999999,1.2899999999999996,0.0012304347826086904,0.061521739130434516,95.23087293562523,4.7691270643747705
CH230801,PT,9,0,2,1,0.0165,1.1,0.0009304347826086957,0.06202898550724638,94.36100131752306,5.638998682476943
CH230906,PT,9,0,3,1,0.019299999999999998,1.2866666666666664,0.0009304347826086957,0.06202898550724638,95.17909439062852,4.820905609371481
CH230709,PT,Control,0,1,1,0.02579999999999999,1.2899999999999996,0.0012304347826086904,0.061521739130434516,95.23087293562523,4.7691270643747705
CH230801,PT,Control,0,2,1,0.0165,1.1,0.0009304347826086957,0.06202898550724638,94.36100131752306,5.638998682476943
CH230906,PT,Control,0,3,1,0.019299999999999998,1.2866666666666664,0.0009304347826086957,0.06202898550724638,95.17909439062852,4.820905609371481
CH230709,PT,12,12,1,1,0.010099999999999998,0.6733333333333332,0.0021304347826087023,0.14202898550724682,78.90658631080493,21.093413689195074
CH230801,PT,12,12,2,1,0.016400000000000012,1.0933333333333342,0.001530434782608699,0.10202898550724661,90.6680805938494,9.331919406150597
CH230906,PT,12,12,3,1,0.014299999999999993,0.9533333333333328,0.001530434782608699,0.10202898550724661,89.29765886287622,10.702341137123776
CH230709,PT,3,12,1,1,0.011099999999999999,0.7399999999999999,0.00013043478260868664,0.008695652173912443,98.82491186839022,1.1750881316097899
CH230801,PT,3,12,2,1,0.016399999999999998,1.093333333333333,0.00013043478260870052,0.008695652173913368,99.20466595970305,0.7953340402969546
CH230906,PT,3,12,3,1,0.018500000000000003,1.2333333333333334,0.00033043478260869237,0.02202898550724616,98.21386603995302,1.7861339600469859
CH230709,PT,6,12,1,1,0.014899999999999997,0.9933333333333331,0.0006304347826086871,0.042028985507245806,95.76889407645176,4.2311059235482364
CH230801,PT,6,12,2,1,0.020300000000000012,1.3533333333333342,0.0011304347826087014,0.07536231884058009,94.43135575069606,5.568644249303944
CH230906,PT,6,12,3,1,0.02020000000000001,1.3466666666666673,0.000630434782608701,0.04202898550724673,96.8790357296599,3.120964270340102
CH230709,PT,9,12,1,1,0.01390000000000001,0.9266666666666673,0.0009304347826087096,0.062028985507247295,93.30622458554886,6.693775414451142
CH230801,PT,9,12,2,1,0.018799999999999997,1.2533333333333332,0.0009304347826086957,0.06202898550724638,95.05087881591119,4.949121184088807
CH230906,PT,9,12,3,1,0.0199,1.3266666666666667,0.0010304347826086985,0.06869565217391324,94.82193576578544,5.178064234214566
CH230709,PT,Control,12,1,1,0.015600000000000003,1.04,0.0005304347826086981,0.03536231884057987,96.59977703455962,3.400222965440372
CH230801,PT,Control,12,2,1,0.019599999999999992,1.3066666666666662,0.00073043478260869,0.04869565217391267,96.27329192546587,3.726708074534134
CH230906,PT,Control,12,3,1,0.01949999999999999,1.2999999999999994,0.0006304347826086871,0.042028985507245806,96.76700111482724,3.2329988851727562
CH230709,PT,12,24,1,1,0.010999999999999996,0.7333333333333331,0.0021304347826087023,0.14202898550724682,80.6324110671936,19.36758893280639
CH230801,PT,12,24,2,1,0.014499999999999999,0.9666666666666666,0.0014304347826086961,0.09536231884057973,90.13493253373314,9.86506746626687
CH230906,PT,12,24,3,1,0.014100000000000001,0.9400000000000001,0.0020304347826086994,0.13536231884057995,85.59975331483193,14.400246685168078
CH230709,PT,3,24,1,1,0.0126,0.8400000000000001,0.0009304347826086957,0.06202898550724638,92.61559696342304,7.384403036576949
CH230801,PT,3,24,2,1,0.016399999999999998,1.093333333333333,0.00043043478260869523,0.028695652173913018,97.37539766702015,2.62460233297985
CH230906,PT,3,24,3,1,0.017799999999999996,1.1866666666666663,0.00043043478260869523,0.028695652173913018,97.58182706399609,2.4181729360039066
CH230709,PT,6,24,1,1,0.017200000000000007,1.1466666666666672,0.0010304347826086985,0.06869565217391324,94.00910010111222,5.99089989888778
CH230801,PT,6,24,2,1,0.019600000000000006,1.306666666666667,0.0007304347826087038,0.04869565217391359,96.2732919254658,3.7267080745342027
CH230906,PT,6,24,3,1,0.020500000000000004,1.366666666666667,0.000630434782608701,0.04202898550724673,96.92470837751853,3.0752916224814677
CH230709,PT,9,24,1,1,0.01609999999999999,1.0733333333333326,0.001530434782608699,0.10202898550724661,90.49419389684037,9.505806103159628
CH230801,PT,9,24,2,1,0.018600000000000005,1.2400000000000004,0.0008304347826086928,0.055362318840579516,95.5352968676952,4.464703132304798
CH230906,PT,9,24,3,1,0.019600000000000006,1.306666666666667,0.0013304347826087071,0.08869565217391381,93.21206743566987,6.787932564330136
CH230709,PT,Control,24,1,1,0.017600000000000005,1.1733333333333338,0.0012304347826087043,0.08202898550724695,93.00889328063236,6.991106719367634
CH230801,PT,Control,24,2,1,0.01780000000000001,1.1866666666666672,0.0007304347826087038,0.04869565217391359,95.89643380556907,4.103566194430918
CH230906,PT,Control,24,3,1,0.019299999999999998,1.2866666666666664,0.0009304347826086957,0.06202898550724638,95.17909439062852,4.820905609371481
CH230709,PT,12,48,1,1,0.009300000000000003,0.6200000000000002,0.0025304347826087,0.16869565217391333,72.79102384291721,27.208976157082787
CH230801,PT,12,48,2,1,0.013800000000000007,0.9200000000000005,0.0021304347826087023,0.14202898550724682,84.56206679269057,15.43793320730943
CH230906,PT,12,48,3,1,0.01609999999999999,1.0733333333333326,0.0054304347826087,0.36202898550724666,66.2705914123683,33.729408587631696
CH230709,PT,3,48,1,1,0.016700000000000007,1.1133333333333337,0.0008304347826087067,0.055362318840580446,95.02733663108559,4.972663368914409
CH230801,PT,3,48,2,1,0.01580000000000001,1.053333333333334,0.0,0.0,100.0,0.0
CH230906,PT,3,48,3,1,0.0165,1.1,0.0,0.0,100.0,0.0
CH230709,PT,6,48,1,1,0.0203,1.3533333333333333,0.001530434782608699,0.10202898550724661,92.46091240094236,7.539087599057631
CH230801,PT,6,48,2,1,0.01859999999999999,1.2399999999999993,0.0010304347826086985,0.06869565217391324,94.46002805049086,5.539971949509136
CH230906,PT,6,48,3,1,0.016900000000000012,1.1266666666666676,0.0,0.0,100.0,0.0
CH230709,PT,9,48,1,1,0.017,1.1333333333333333,0.0017304347826087047,0.11536231884058032,89.82097186700761,10.17902813299238
CH230801,PT,9,48,2,1,0.0189,1.26,0.0014304347826086961,0.09536231884057973,92.43156199677938,7.5684380032206136
CH230906,PT,9,48,3,1,0.022400000000000003,1.4933333333333334,0.005830434782608697,0.38869565217391316,73.97127329192546,26.02872670807454
CH230709,PT,Control,48,1,1,0.020000000000000004,1.3333333333333335,0.0017304347826087047,0.11536231884058032,91.34782608695647,8.652173913043523
CH230801,PT,Control,48,2,1,0.019099999999999992,1.2733333333333328,0.0009304347826086957,0.06202898550724638,95.1286137036194,4.871386296380608
CH230906,PT,Control,48,3,1,0.0213,1.42,0.0038304347826086955,0.25536231884057975,82.01673810981833,17.983261890181673
CH231216,RM,+EPS,0,1,1,0.0032000000000000084,0.2133333333333339,0.0,0.0,100.0,0.0
CH231215,RM,+EPS,0,2,1,0.0015000000000000013,0.10000000000000009,3.0434782608697655e-05,0.0020289855072465105,97.9710144927535,2.028985507246509
CH231214,RM,+EPS,0,3,1,0.0034000000000000002,0.22666666666666668,0.00043043478260869523,0.028695652173913018,87.34015345268543,12.659846547314565
CH231216,RM,-EPS,0,1,1,0.0032000000000000084,0.2133333333333339,0.0,0.0,100.0,0.0
CH231215,RM,-EPS,0,2,1,0.0015000000000000013,0.10000000000000009,3.0434782608697655e-05,0.0020289855072465105,97.9710144927535,2.028985507246509
CH231214,RM,-EPS,0,3,1,0.0034000000000000002,0.22666666666666668,0.00043043478260869523,0.028695652173913018,87.34015345268543,12.659846547314565
CH231216,RM,AT,0,1,1,0.0032000000000000084,0.2133333333333339,0.0,0.0,100.0,0.0
CH231215,RM,AT,0,2,1,0.0015000000000000013,0.10000000000000009,3.0434782608697655e-05,0.0020289855072465105,97.9710144927535,2.028985507246509
CH231214,RM,AT,0,3,1,0.0034000000000000002,0.22666666666666668,0.00043043478260869523,0.028695652173913018,87.34015345268543,12.659846547314565
CH231216,RM,Control,0,1,1,0.006599999999999995,0.4399999999999996,0.00023043478260870338,0.015362318840580227,96.50856389986812,3.4914361001318728
CH231215,RM,Control,0,2,1,0.008499999999999994,0.5666666666666663,0.0005304347826086981,0.03536231884057987,93.75959079283884,6.240409207161158
CH231214,RM,Control,0,3,1,0.010800000000000004,0.7200000000000003,0.0007304347826087038,0.04869565217391359,93.23671497584533,6.763285024154662
CH231216,RM,ET,0,1,1,0.0032000000000000084,0.2133333333333339,0.0,0.0,100.0,0.0
CH231215,RM,ET,0,2,1,0.0015000000000000013,0.10000000000000009,3.0434782608697655e-05,0.0020289855072465105,97.9710144927535,2.028985507246509
CH231214,RM,ET,0,3,1,0.0034000000000000002,0.22666666666666668,0.00043043478260869523,0.028695652173913018,87.34015345268543,12.659846547314565
CH231202,RM,+EPS,12,1,1,0.005400000000000002,0.36000000000000015,0.00013043478260870052,0.008695652173913368,97.58454106280185,2.415458937198157
CH231201,RM,+EPS,12,2,1,0.0030000000000000027,0.20000000000000018,0.00043043478260869523,0.028695652173913018,85.6521739130435,14.347826086956497
CH231200,RM,+EPS,12,3,1,0.004799999999999999,0.3199999999999999,0.00013043478260870052,0.008695652173913368,97.28260869565207,2.7173913043479283
CH231202,RM,-EPS,12,1,1,0.0050000000000000044,0.33333333333333365,0.000630434782608701,0.04202898550724673,87.391304347826,12.608695652174006
CH231201,RM,-EPS,12,2,1,0.0032999999999999974,0.2199999999999998,0.00043043478260869523,0.028695652173913018,86.95652173913044,13.043478260869565
CH231200,RM,-EPS,12,3,1,0.003799999999999998,0.2533333333333332,0.0,0.0,100.0,0.0
CH231202,RM,AT,12,1,1,0.004799999999999999,0.3199999999999999,0.0007304347826087038,0.04869565217391359,84.782608695652,15.217391304348002
CH231201,RM,AT,12,2,1,0.004299999999999998,0.28666666666666657,0.0010304347826086985,0.06869565217391324,76.03640040444887,23.963599595551138
CH231200,RM,AT,12,3,1,0.0032999999999999974,0.2199999999999998,0.0009304347826086957,0.06202898550724638,71.80500658761525,28.194993412384743
CH231202,RM,Control,12,1,1,0.009599999999999997,0.6399999999999998,0.0007304347826087038,0.04869565217391359,92.391304347826,7.608695652174001
CH231201,RM,Control,12,2,1,0.012899999999999995,0.8599999999999997,0.0009304347826086957,0.06202898550724638,92.78732726659925,7.212672733400745
CH231200,RM,Control,12,3,1,0.012999999999999998,0.8666666666666665,0.00033043478260870625,0.022028985507247086,97.45819397993303,2.541806020066972
CH231202,RM,ET,12,1,1,0.0040000000000000036,0.2666666666666669,0.0009304347826086957,0.06202898550724638,76.73913043478262,23.260869565217373
CH231201,RM,ET,12,2,1,0.0011999999999999927,0.07999999999999952,0.0006304347826086871,0.042028985507245806,47.46376811594243,52.53623188405757
CH231200,RM,ET,12,3,1,0.00180000000000001,0.12000000000000066,0.0005304347826086981,0.03536231884057987,70.5314009661836,29.4685990338164
CH231202,RM,+EPS,24,1,1,0.006499999999999992,0.4333333333333328,0.0005304347826086981,0.03536231884057987,91.83946488294309,8.160535117056904
CH231201,RM,+EPS,24,2,1,0.003600000000000006,0.24000000000000038,3.0434782608697655e-05,0.0020289855072465105,99.15458937198062,0.845410628019378
CH231200,RM,+EPS,24,3,1,0.007000000000000006,0.4666666666666671,0.00013043478260870052,0.008695652173913368,98.13664596273286,1.8633540372671484
CH231202,RM,-EPS,24,1,1,0.006199999999999997,0.41333333333333316,0.0006304347826086871,0.042028985507245806,89.8316970546986,10.16830294530141
CH231201,RM,-EPS,24,2,1,0.004299999999999998,0.28666666666666657,0.00033043478260869237,0.02202898550724616,92.31547017189087,7.684529828109128
CH231200,RM,-EPS,24,3,1,0.005299999999999999,0.3533333333333333,0.00033043478260870625,0.022028985507247086,93.76538146021309,6.234618539786911
CH231202,RM,AT,24,1,1,0.00399999999999999,0.266666666666666,0.00043043478260869523,0.028695652173913018,89.2391304347826,10.760869565217408
CH231201,RM,AT,24,2,1,0.002600000000000005,0.17333333333333367,0.0007304347826087038,0.04869565217391359,71.90635451504991,28.09364548495009
CH231200,RM,AT,24,3,1,0.002699999999999994,0.1799999999999996,0.00033043478260869237,0.02202898550724616,87.76167471819656,12.238325281803448
CH231202,RM,Control,24,1,1,0.01079999999999999,0.7199999999999994,0.0010304347826086985,0.06869565217391324,90.4589371980676,9.541062801932403
CH231201,RM,Control,24,2,1,0.011800000000000005,0.786666666666667,0.0005304347826086981,0.03536231884057987,95.50478997789239,4.49521002210761
CH231200,RM,Control,24,3,1,0.013899999999999996,0.9266666666666663,0.0009304347826086957,0.06202898550724638,93.30622458554895,6.69377541445105
CH231202,RM,ET,24,1,1,0.004799999999999999,0.3199999999999999,0.0009304347826086957,0.06202898550724638,80.6159420289855,19.3840579710145
CH231201,RM,ET,24,2,1,0.0016000000000000042,0.10666666666666695,0.00043043478260869523,0.028695652173913018,73.09782608695662,26.90217391304338
CH231200,RM,ET,24,3,1,0.0038000000000000117,0.2533333333333341,0.0008304347826087067,0.055362318840580446,78.14645308924463,21.853546910755377
CH231202,RM,+EPS,48,1,1,0.007400000000000004,0.49333333333333357,0.0004304347826087091,0.02869565217391394,94.18331374853096,5.816686251469039
CH231201,RM,+EPS,48,2,1,0.004899999999999988,0.3266666666666659,0.00013043478260868664,0.008695652173912443,97.33806566104721,2.661934338952795
CH231200,RM,+EPS,48,3,1,0.007800000000000001,0.52,0.0009304347826086957,0.06202898550724638,88.07134894091416,11.928651059085842
CH231202,RM,-EPS,48,1,1,0.0068000000000000005,0.45333333333333337,0.0005304347826086981,0.03536231884057987,92.19948849104856,7.800511508951442
CH231201,RM,-EPS,48,2,1,0.0058,0.3866666666666666,0.0005304347826086981,0.03536231884057987,90.85457271364314,9.145427286356865
CH231200,RM,-EPS,48,3,1,0.0068000000000000005,0.45333333333333337,0.0012304347826087043,0.08202898550724695,81.90537084398964,18.094629156010356
CH231202,RM,AT,48,1,1,0.003799999999999998,0.2533333333333332,0.0005304347826086981,0.03536231884057987,86.04118993135005,13.958810068649957
CH231201,RM,AT,48,2,1,0.0031000000000000055,0.20666666666666703,0.00023043478260870338,0.015362318840580227,92.56661991584829,7.43338008415171
CH231200,RM,AT,48,3,1,0.002699999999999994,0.1799999999999996,0.00073043478260869,0.04869565217391267,72.94685990338179,27.053140096618204
CH231202,RM,Control,48,1,1,0.010300000000000004,0.6866666666666669,0.0004304347826087091,0.02869565217391394,95.82102152807079,4.178978471929214
CH231201,RM,Control,48,2,1,0.011400000000000007,0.7600000000000005,0.00043043478260869523,0.028695652173913018,96.22425629290619,3.775743707093816
CH231200,RM,Control,48,3,1,0.014100000000000001,0.9400000000000001,0.0011304347826087014,0.07536231884058009,91.98273203823616,8.017267961763839
CH231202,RM,ET,48,1,1,0.0068000000000000005,0.45333333333333337,0.0014304347826086961,0.09536231884057973,78.96419437340153,21.03580562659847
CH231201,RM,ET,48,2,1,0.002699999999999994,0.1799999999999996,3.0434782608697655e-05,0.0020289855072465105,98.87278582930749,1.1272141706925083
CH231200,RM,ET,48,3,1,0.006199999999999997,0.41333333333333316,0.0011304347826087014,0.07536231884058009,81.7671809256661,18.2328190743339
CH230130,SC,A.obliquus,0,1,1,0.0023999999999999994,0.23999999999999994,0.0,0.0,100.0,0.0
CH230130,SC,A.obliquus,0,1,2,0.001899999999999999,0.1899999999999999,0.0,0.0,100.0,0.0
CH230130,SC,A.obliquus,0,1,3,0.0021999999999999936,0.21999999999999936,0.0005304347826086981,0.05304347826086981,75.88932806324092,24.110671936759072
CH230130,SC,Algaemix,0,1,1,0.019100000000000006,1.9100000000000006,0.0016304347826087019,0.16304347826087018,91.46369223765078,8.536307762349221
CH230130,SC,Algaemix,0,1,2,0.019000000000000003,1.9000000000000001,0.001530434782608699,0.1530434782608699,91.94508009153316,8.054919908466836
CH230130,SC,Algaemix,0,1,3,0.018799999999999997,1.8799999999999997,0.0013304347826086933,0.13304347826086935,92.92321924144312,7.076780758556882
CH230130,SC,C.reinhardtii,0,1,1,0.0021999999999999936,0.21999999999999936,0.0,0.0,100.0,0.0
CH230130,SC,C.reinhardtii,0,1,2,0.0023999999999999994,0.23999999999999994,0.00023043478260870338,0.02304347826087034,90.39855072463736,9.601449275362643
CH230130,SC,C.reinhardtii,0,1,3,0.0023000000000000104,0.23000000000000104,0.0,0.0,100.0,0.0
CH230130,SC,E.texensis,0,1,1,0.008800000000000002,0.8800000000000002,0.00033043478260869237,0.03304347826086924,96.24505928853759,3.754940711462412
CH230130,SC,E.texensis,0,1,2,0.0076000000000000095,0.7600000000000009,0.00023043478260870338,0.02304347826087034,96.96796338672759,3.0320366132724095
CH230130,SC,E.texensis,0,1,3,0.007300000000000001,0.7300000000000001,0.0008304347826087067,0.08304347826087066,88.62418106015471,11.375818939845296
CH230130,SC,T.albertanoae,0,1,1,0.004100000000000006,0.41000000000000064,0.0007304347826087038,0.07304347826087039,82.18451749734871,17.815482502651285
CH230130,SC,T.albertanoae,0,1,2,0.004199999999999995,0.41999999999999954,0.0011304347826087014,0.11304347826087013,73.08488612836422,26.915113871635775
CH230130,SC,T.albertanoae,0,1,3,0.004100000000000006,0.41000000000000064,0.0010304347826086985,0.10304347826086985,74.86744432661715,25.13255567338285
CH230708,ST,0.75,0,1,1,0.02579999999999999,1.2899999999999996,0.0012304347826086904,0.061521739130434516,95.23087293562523,4.7691270643747705
CH230800,ST,0.75,0,2,1,0.0165,1.1,0.0009304347826086957,0.06202898550724638,94.36100131752306,5.638998682476943
CH230905,ST,0.75,0,3,1,0.019299999999999998,1.2866666666666664,0.0009304347826086957,0.06202898550724638,95.17909439062852,4.820905609371481
CH230708,ST,1.5,0,1,1,0.02579999999999999,1.2899999999999996,0.0012304347826086904,0.061521739130434516,95.23087293562523,4.7691270643747705
CH230800,ST,1.5,0,2,1,0.0165,1.1,0.0009304347826086957,0.06202898550724638,94.36100131752306,5.638998682476943
CH230905,ST,1.5,0,3,1,0.019299999999999998,1.2866666666666664,0.0009304347826086957,0.06202898550724638,95.17909439062852,4.820905609371481
CH230708,ST,15,0,1,1,0.02579999999999999,1.2899999999999996,0.0012304347826086904,0.061521739130434516,95.23087293562523,4.7691270643747705
CH230800,ST,15,0,2,1,0.0165,1.1,0.0009304347826086957,0.06202898550724638,94.36100131752306,5.638998682476943
CH230905,ST,15,0,3,1,0.019299999999999998,1.2866666666666664,0.0009304347826086957,0.06202898550724638,95.17909439062852,4.820905609371481
CH230708,ST,35,0,1,1,0.02579999999999999,1.2899999999999996,0.0012304347826086904,0.061521739130434516,95.23087293562523,4.7691270643747705
CH230800,ST,35,0,2,1,0.0165,1.1,0.0009304347826086957,0.06202898550724638,94.36100131752306,5.638998682476943
CH230905,ST,35,0,3,1,0.019299999999999998,1.2866666666666664,0.0009304347826086957,0.06202898550724638,95.17909439062852,4.820905609371481
CH230708,ST,Control,0,1,1,0.02579999999999999,1.2899999999999996,0.0012304347826086904,0.061521739130434516,95.23087293562523,4.7691270643747705
CH230800,ST,Control,0,2,1,0.0165,1.1,0.0009304347826086957,0.06202898550724638,94.36100131752306,5.638998682476943
CH230905,ST,Control,0,3,1,0.019299999999999998,1.2866666666666664,0.0009304347826086957,0.06202898550724638,95.17909439062852,4.820905609371481
CH230708,ST,0.75,12,1,1,0.017699999999999994,1.1799999999999997,0.0008304347826086928,0.055362318840579516,95.30827806435767,4.691721935642333
CH230800,ST,0.75,12,2,1,0.0208,1.3866666666666667,0.0012304347826087043,0.08202898550724695,94.08444816053508,5.915551839464924
CH230905,ST,0.75,12,3,1,0.022400000000000003,1.4933333333333334,0.0014304347826086961,0.09536231884057973,93.61413043478261,6.385869565217392
CH230708,ST,1.5,12,1,1,0.01970000000000001,1.313333333333334,0.0019304347826087104,0.12869565217391404,90.20083866696086,9.799161333039136
CH230800,ST,1.5,12,2,1,0.0213,1.42,0.0025304347826087,0.16869565217391333,88.12002449479483,11.879975505205165
CH230905,ST,1.5,12,3,1,0.02189999999999999,1.4599999999999993,0.0017304347826086908,0.11536231884057939,92.09847131228908,7.901528687710921
CH230708,ST,15,12,1,1,0.014399999999999996,0.9599999999999997,0.0008304347826086928,0.055362318840579516,94.23309178743963,5.7669082125603675
CH230800,ST,15,12,2,1,0.0242,1.6133333333333333,0.006230434782608709,0.41536231884058056,74.2544017247574,25.7455982752426
CH230905,ST,15,12,3,1,0.02529999999999999,1.6866666666666659,0.005030434782608688,0.3353623188405792,80.11685856676407,19.88314143323593
CH230708,ST,35,12,1,1,0.010200000000000015,0.680000000000001,0.0,0.0,100.0,0.0
CH230800,ST,35,12,2,1,0.022599999999999995,1.5066666666666664,0.0055304347826087025,0.3686956521739135,75.52904963447477,24.470950365525233
CH230905,ST,35,12,3,1,0.0291,1.9400000000000002,0.010530434782608693,0.7020289855072461,63.81293889137907,36.18706110862093
CH230708,ST,Control,12,1,1,0.0179,1.1933333333333334,0.00033043478260870625,0.022028985507247086,98.15399562788433,1.8460043721156776
CH230800,ST,Control,12,2,1,0.019699999999999995,1.313333333333333,0.0008304347826086928,0.055362318840579516,95.78459501213861,4.215404987861385
CH230905,ST,Control,12,3,1,0.019000000000000003,1.2666666666666668,0.00073043478260869,0.04869565217391267,96.15560640732268,3.844393592677316
CH230708,ST,0.75,24,1,1,0.021999999999999992,1.4666666666666661,0.002630434782608689,0.17536231884057926,88.04347826086959,11.956521739130409
CH230800,ST,0.75,24,2,1,0.020000000000000004,1.3333333333333335,0.0010304347826086985,0.06869565217391324,94.8478260869565,5.152173913043493
CH230905,ST,0.75,24,3,1,0.0218,1.4533333333333334,0.001530434782608699,0.10202898550724661,92.97965696051055,7.020343039489445
CH230708,ST,1.5,24,1,1,0.027700000000000016,1.8466666666666678,0.009330434782608714,0.6220289855072476,66.31611991838011,33.68388008161989
CH230800,ST,1.5,24,2,1,0.02120000000000001,1.413333333333334,0.0026304347826087027,0.17536231884058018,87.5922887612797,12.40771123872029
CH230905,ST,1.5,24,3,1,0.023599999999999996,1.573333333333333,0.003430434782608698,0.2286956521739132,85.46425939572585,14.535740604274148
CH230708,ST,15,24,1,1,0.01849999999999999,1.2333333333333325,0.0,0.0,100.0,0.0
CH230800,ST,15,24,2,1,0.027399999999999994,1.8266666666666662,0.007830434782608699,0.5220289855072465,71.4217708663916,28.578229133608396
CH230905,ST,15,24,3,1,0.026499999999999982,1.7666666666666655,0.006730434782608695,0.448695652173913,74.60213289581623,25.397867104183767
CH230708,ST,35,24,1,1,0.021300000000000027,1.4200000000000017,0.004630434782608718,0.30869565217391454,78.26086956521732,21.739130434782687
CH230800,ST,35,24,2,1,0.027100000000000013,1.8066666666666675,0.008030434782608705,0.5353623188405803,70.36739932616716,29.632600673832844
CH230905,ST,35,24,3,1,0.029399999999999996,1.9599999999999995,0.01093043478260869,0.7286956521739127,62.82165039929016,37.17834960070984
CH230708,ST,Control,24,1,1,0.02070000000000001,1.3800000000000006,0.00143043478260871,0.09536231884058068,93.08968704053764,6.910312959462366
CH230800,ST,Control,24,2,1,0.020000000000000004,1.3333333333333335,0.000630434782608701,0.04202898550724673,96.8478260869565,3.1521739130435042
CH230905,ST,Control,24,3,1,0.019699999999999995,1.313333333333333,0.00073043478260869,0.04869565217391267,96.29220922533659,3.707790774663402
CH230708,ST,0.75,48,1,1,0.021699999999999997,1.4466666666666663,0.001630434782608688,0.10869565217391253,92.48647565618116,7.51352434381884
CH230800,ST,0.75,48,2,1,0.025800000000000003,1.7200000000000002,0.0009304347826086957,0.06202898550724638,96.39366363329962,3.6063363667003703
CH230905,ST,0.75,48,3,1,0.020500000000000004,1.366666666666667,0.0012304347826087043,0.08202898550724695,93.99787910922583,6.002120890774166
CH230708,ST,1.5,48,1,1,0.022699999999999998,1.5133333333333332,0.0019304347826086966,0.1286956521739131,91.49588201493967,8.504117985060338
CH230800,ST,1.5,48,2,1,0.023000000000000007,1.5333333333333339,0.0025304347826087,0.16869565217391333,88.99810964083174,11.001890359168257
CH230905,ST,1.5,48,3,1,0.0213,1.42,0.0021304347826086884,0.1420289855072459,89.99795876709535,10.002041232904642
CH230708,ST,15,48,1,1,0.023299999999999987,1.5533333333333326,0.00413043478260869,0.2753623188405793,82.27281209180819,17.72718790819181
CH230800,ST,15,48,2,1,0.024800000000000003,1.6533333333333335,0.0075304347826086904,0.5020289855072461,69.63534361851335,30.364656381486654
CH230905,ST,15,48,3,1,0.023299999999999987,1.5533333333333326,0.003530434782608687,0.23536231884057912,84.84791938794554,15.152080612054458
CH230708,ST,35,48,1,1,0.02170000000000001,1.4466666666666674,0.004130434782608718,0.2753623188405812,80.96573832899209,19.034261671007908
CH230800,ST,35,48,2,1,0.026700000000000015,1.780000000000001,0.009030434782608706,0.602028985507247,66.17814688161536,33.821853118384645
CH230905,ST,35,48,3,1,0.027499999999999997,1.833333333333333,0.008530434782608691,0.5686956521739128,68.9802371541502,31.019762845849797
CH230708,ST,Control,48,1,1,0.020500000000000004,1.366666666666667,0.0008304347826087067,0.055362318840580446,95.94909862142094,4.050901378579056
CH230800,ST,Control,48,2,1,0.0199,1.3266666666666667,0.00043043478260869523,0.028695652173913018,97.83701114266987,2.1629888573301272
CH230905,ST,Control,48,3,1,0.0184,1.2266666666666668,3.0434782608697655e-05,0.0020289855072465105,99.83459357277881,0.1654064272211829
CH230726,TT,15,0,1,1,0.01440000000000001,0.9600000000000006,0.0008304347826087067,0.055362318840580446,94.23309178743955,5.766908212560459
CH230809,TT,15,0,2,1,0.010599999999999998,0.7066666666666666,0.000630434782608701,0.04202898550724673,94.0525020508613,5.947497949138689
CH230912,TT,15,0,3,1,0.011799999999999991,0.7866666666666661,0.0005304347826086981,0.03536231884057987,95.50478997789239,4.4952100221076146
CH230726,TT,35,0,1,1,0.01440000000000001,0.9600000000000006,0.0008304347826087067,0.055362318840580446,94.23309178743955,5.766908212560459
CH230809,TT,35,0,2,1,0.010599999999999998,0.7066666666666666,0.000630434782608701,0.04202898550724673,94.0525020508613,5.947497949138689
CH230912,TT,35,0,3,1,0.011799999999999991,0.7866666666666661,0.0005304347826086981,0.03536231884057987,95.50478997789239,4.4952100221076146
CH230726,TT,45,0,1,1,0.01440000000000001,0.9600000000000006,0.0008304347826087067,0.055362318840580446,94.23309178743955,5.766908212560459
CH230809,TT,45,0,2,1,0.010599999999999998,0.7066666666666666,0.000630434782608701,0.04202898550724673,94.0525020508613,5.947497949138689
CH230912,TT,45,0,3,1,0.011799999999999991,0.7866666666666661,0.0005304347826086981,0.03536231884057987,95.50478997789239,4.4952100221076146
CH230726,TT,5,0,1,1,0.01440000000000001,0.9600000000000006,0.0008304347826087067,0.055362318840580446,94.23309178743955,5.766908212560459
CH230809,TT,5,0,2,1,0.010599999999999998,0.7066666666666666,0.000630434782608701,0.04202898550724673,94.0525020508613,5.947497949138689
CH230912,TT,5,0,3,1,0.011799999999999991,0.7866666666666661,0.0005304347826086981,0.03536231884057987,95.50478997789239,4.4952100221076146
CH230726,TT,Control,0,1,1,0.01440000000000001,0.9600000000000006,0.0008304347826087067,0.055362318840580446,94.23309178743955,5.766908212560459
CH230809,TT,Control,0,2,1,0.010599999999999998,0.7066666666666666,0.000630434782608701,0.04202898550724673,94.0525020508613,5.947497949138689
CH230912,TT,Control,0,3,1,0.011799999999999991,0.7866666666666661,0.0005304347826086981,0.03536231884057987,95.50478997789239,4.4952100221076146
CH230726,TT,15,12,1,1,0.013800000000000007,0.9200000000000005,0.000630434782608701,0.04202898550724673,95.43163201008188,4.56836798991812
CH230809,TT,15,12,2,1,0.012400000000000008,0.8266666666666672,0.0,0.0,100.0,0.0
CH230912,TT,15,12,3,1,0.01440000000000001,0.9600000000000006,0.0008304347826087067,0.055362318840580446,94.23309178743955,5.766908212560459
CH230726,TT,35,12,1,1,0.016299999999999995,1.0866666666666664,0.0008304347826086928,0.055362318840579516,94.90530808215526,5.094691917844742
CH230809,TT,35,12,2,1,0.013899999999999996,0.9266666666666663,0.0,0.0,100.0,0.0
CH230912,TT,35,12,3,1,0.016299999999999995,1.0866666666666664,0.0010304347826086985,0.06869565217391324,93.67831421712455,6.321685782875452
CH230726,TT,45,12,1,1,0.011800000000000005,0.786666666666667,0.00043043478260869523,0.028695652173913018,96.35224760501106,3.6477523949889417
CH230809,TT,45,12,2,1,0.0131,0.8733333333333334,0.00043043478260869523,0.028695652173913018,96.71423830069698,3.285761699303017
CH230912,TT,45,12,3,1,0.013800000000000007,0.9200000000000005,0.0009304347826086957,0.06202898550724638,93.25771896660366,6.742281033396343
CH230726,TT,5,12,1,1,0.015,1.0,0.0007304347826087038,0.04869565217391359,95.13043478260865,4.869565217391359
CH230809,TT,5,12,2,1,0.012899999999999995,0.8599999999999997,0.00043043478260869523,0.028695652173913018,96.66329625884732,3.336703741152678
CH230912,TT,5,12,3,1,0.013600000000000001,0.9066666666666667,0.0008304347826087067,0.055362318840580446,93.89386189258303,6.10613810741696
CH230726,TT,Control,12,1,1,0.0169,1.1266666666666667,0.0008304347826086928,0.055362318840579516,95.08618471829176,4.91381528170824
CH230809,TT,Control,12,2,1,0.013200000000000003,0.8800000000000002,0.00023043478260870338,0.015362318840580227,98.25428194993407,1.7457180500659344
CH230912,TT,Control,12,3,1,0.015100000000000002,1.0066666666666668,0.0008304347826087067,0.055362318840580446,94.5004319032536,5.499568096746401
CH230726,TT,15,24,1,1,0.016399999999999998,1.093333333333333,0.000630434782608701,0.04202898550724673,96.15588547189816,3.844114528101836
CH230809,TT,15,24,2,1,0.012499999999999997,0.8333333333333331,3.0434782608697655e-05,0.0020289855072465105,99.75652173913042,0.24347826086958133
CH230912,TT,15,24,3,1,0.01490000000000001,0.9933333333333342,0.0009304347826087096,0.062028985507247295,93.75547125765968,6.244528742340327
CH230726,TT,35,24,1,1,0.01709999999999999,1.1399999999999992,0.00073043478260869,0.04869565217391267,95.72845156369186,4.271548436308131
CH230809,TT,35,24,2,1,0.014499999999999999,0.9666666666666666,0.0005304347826086981,0.03536231884057987,96.34182908545725,3.6581709145427457
CH230912,TT,35,24,3,1,0.014799999999999994,0.9866666666666662,0.0012304347826086904,0.08202898550724602,91.68625146886019,8.313748531139803
CH230726,TT,45,24,1,1,0.011499999999999996,0.7666666666666665,0.00033043478260869237,0.02202898550724616,97.12665406427224,2.8733459357277606
CH230809,TT,45,24,2,1,0.0121,0.8066666666666666,0.0,0.0,100.0,0.0
CH230912,TT,45,24,3,1,0.013400000000000009,0.893333333333334,0.0010304347826086985,0.06869565217391324,92.31018818948733,7.68981181051267
CH230726,TT,5,24,1,1,0.014899999999999997,0.9933333333333331,0.000630434782608701,0.04202898550724673,95.76889407645167,4.23110592354833
CH230809,TT,5,24,2,1,0.01129999999999999,0.7533333333333327,0.0002304347826086895,0.0153623188405793,97.96075413620629,2.039245863793714
CH230912,TT,5,24,3,1,0.014799999999999994,0.9866666666666662,0.0010304347826086985,0.06869565217391324,93.03760282021149,6.962397179788507
CH230726,TT,Control,24,1,1,0.01830000000000001,1.2200000000000009,0.000630434782608701,0.04202898550724673,96.5550011879306,3.444998812069402
CH230809,TT,Control,24,2,1,0.014899999999999997,0.9933333333333331,0.000630434782608701,0.04202898550724673,95.76889407645167,4.23110592354833
CH230912,TT,Control,24,3,1,0.015600000000000003,1.04,0.0010304347826086985,0.06869565217391324,93.39464882943142,6.605351170568581
CH230726,TT,15,48,1,1,0.017200000000000007,1.1466666666666672,0.000630434782608701,0.04202898550724673,96.33468149646104,3.6653185035389573
CH230809,TT,15,48,2,1,0.012900000000000009,0.8600000000000007,0.000630434782608701,0.04202898550724673,95.11290866194805,4.887091338051942
CH230912,TT,15,48,3,1,0.015100000000000002,1.0066666666666668,0.0009304347826086957,0.06202898550724638,93.83818024762454,6.161819752375467
CH230726,TT,35,48,1,1,0.017600000000000005,1.1733333333333338,0.0008304347826087067,0.055362318840580446,95.28162055335963,4.718379446640377
CH230809,TT,35,48,2,1,0.014200000000000004,0.946666666666667,0.0007304347826087038,0.04869565217391359,94.8560930802204,5.143906919779603
CH230912,TT,35,48,3,1,0.014499999999999999,0.9666666666666666,0.0007304347826087038,0.04869565217391359,94.96251874062963,5.037481259370372
CH230726,TT,45,48,1,1,0.009400000000000006,0.626666666666667,0.00033043478260870625,0.022028985507247086,96.48473635522653,3.515263644773469
CH230809,TT,45,48,2,1,0.0102,0.68,0.0005304347826086981,0.03536231884057987,94.79965899403237,5.200341005967628
CH230912,TT,45,48,3,1,0.010599999999999998,0.7066666666666666,0.0005304347826086981,0.03536231884057987,94.99589827727644,5.004101722723568
CH230726,TT,5,48,1,1,0.013700000000000004,0.9133333333333336,0.00023043478260870338,0.015362318840580227,98.31799428752771,1.6820057124722871
CH230809,TT,5,48,2,1,0.014499999999999999,0.9666666666666666,0.0009304347826086957,0.06202898550724638,93.5832083958021,6.416791604197902
CH230912,TT,5,48,3,1,0.014000000000000012,0.9333333333333342,0.0008304347826087067,0.055362318840580446,94.06832298136639,5.931677018633613
CH230726,TT,Control,48,1,1,0.017700000000000007,1.1800000000000006,0.0007304347826087038,0.04869565217391359,95.87324981577004,4.126750184229963
CH230809,TT,Control,48,2,1,0.0155,1.0333333333333334,0.00073043478260869,0.04869565217391267,95.28751753155684,4.712482468443161
CH230912,TT,Control,48,3,1,0.015100000000000002,1.0066666666666668,0.0010304347826086985,0.06869565217391324,93.17592859199537,6.824071408004626
